ID,Sequence,Mean Solubility,Mean Usability,Solubility Model 0,Solubility Model 1,Solubility Model 2,Solubility Model 3,Solubility Model 4,Usability Model 0,Usability Model 1,Usability Model 2,Usability Model 3,Usability Model 4
Rank_1,DNPEKDFSPETIKFIKENTGIDAEQASNIMKLISKPEFNDLNWKNYNGYCENINDNRGYRIGRFGFTTGGPNDQNPSGPKLFKAYAAERGEENPSADAALKALGINARLEGNLIKIEDSDEKFCGVIAKLKDDPAWINAMWKTAYENYLKTAVAEAKARGFTSAVGIGLLFYLALNMGATGGPTTLAGLLAQSGTSKDEKEFLKNLCAEAKKVIDDPKYNKPPNGTKAIDMWEKLVELGKLDLKNIDETIKEVTDFEMK,0.9095,0.4414,0.8958,0.8898,0.9284,0.9238,0.9099,0.3744,0.4507,0.4288,0.4759,0.4771
Rank_10,INPEEYFCPETLKFIKENTGLNAEQFYNIMKLISKPEFNDLNFEKYYGYCENIGDGRGFKIGRFGHRTGGPNDTNPTGPELFKNYAKALGEENPSADKALEKLGINARLEGNKIKIFDSEEEFCGKIAKLKNDPEWRFALFKTEYENYLKYSVDLAKARGFTSAVTIGLLYYLALNMGATGGPTTLEGLVAKAGDSKDEKEFLLALCEEAEKVIDDPKYNKPPNGTKAIEMFRRLVEAGKLDLENIEDFIEEVTDYEMK,0.8739,0.4214,0.844,0.8666,0.9176,0.8796,0.8616,0.4198,0.3719,0.4372,0.4141,0.4641
Rank_100,RNPAENFCPKALEFIKANTGIDAEQWDNIMRLISKPEFNDLDWRKYNGYCENIGDGRGYRIGRFGHRTGGPNDQNPTGPALFTAYAAERGEADPSADKALELLGINARLVGNQIEIFDSEEEFCGKIAKLQDDPAWILALIRTEWEQYVKYAVDQCKARGFTSALSIGLAYYIALNMGATGGPTTLEGLLAQSGDSTDEKTFLDNLCAVAKTVIDDPKYNKAPNGTLAINRFETLNKKGLFDLKNIDAAIDEVTDYEMK,0.8457,0.4262,0.8051,0.8009,0.8936,0.8482,0.8806,0.419,0.3723,0.4493,0.4262,0.4642
Rank_101,IDAAKYFCPEALKFIKENTGLDAEQWYNIMRLISKPEFNDLDFKNYNGYCEDIGDGRGFRIGLFGFTTGGPNDTNPTGPKLFTLYAKEKGAENPSADKALEMLGINARLVGNKIEILDSKEEFCGKIAKLKDDPAWILALVKAAYENYGKYSVEQAKARGFTSAVTIGLLFDIALNMGATGGETTLEGLLKRSGDSKDEKEWLKRLCAVAKEVIDDPKYNKPPNGTKRIDMWERLVEQGLLDLKNIDEAIKEVTNFEMK,0.8204,0.4344,0.8265,0.8057,0.8527,0.8371,0.78,0.4561,0.3551,0.4575,0.4155,0.488
Rank_102,EDPAKYFCPESLKFIKENTGLDAEQWYNIMKLISKPEFNDLDFPKYYGYCEDIKDNRGFKIGLFGHRTGGPNDQNPTGPKLFTLYAKARGEKNPSADAALKALGINGKLEGNKIKIEDSEEKFCGIIAKLKDDPEWRLALIKSAYENYLKYSVDKAKARGFTSPVFIGLLFYIALNMGATGGDTTLDGLLAKSGNSKDEKEFLKNLCDEAKKVIDDPKYNKPPNGTLAIKRFEELVEKGLLDLKNIEEEIKKVTDFEMK,0.8732,0.4056,0.8296,0.8439,0.9046,0.9114,0.8762,0.4064,0.3529,0.4241,0.3662,0.4786
Rank_103,KDPEKYFCPETLKFIKENTGLGAEQLANIMRLISKPEFNDLNWENYNGYCENINDGRGFRIGRFGFTTGGENDQNPTGPLLFKAYAEARGAKNPSADLALKLLGINAKLEGNKIKIFDSEETFCGIIAKLKDDPEWILALFKTEYEVYWKYSVDQAKARGFDSAVAIGFLYYIALNMGATGGPTTLEGLLAQSGDSTDEREFLLNLADVAKKVIDDPKYNKPPNGSKAIAMFEELVLAGALDLENIDELIDKVTDFEMK,0.8487,0.4122,0.8102,0.8352,0.8794,0.8454,0.8734,0.3749,0.3223,0.461,0.4533,0.4493
Rank_104,INPAEYFCPETLKFIKENTGLDAEQLYNIMKLISKPEFNNLNWKEFYGYCENINDGRGFKIGLFGFTTGGPNDQNPTGPALFTAYAAERGAATPSADAALAALGINARLVGTQIEIADSEEKFCGKIAALKDDPAWINAQFRTAYEQYGKYAVDQAKKRGFTSALFIGLLFDIALNMGATGGPTTLEGLLKQSGDSKDEKTFLLNLCDEAKKVIDNPKYNKPPNGTKAIQMWEDLVKAGALDLKNIDELIDKVTDFEMK,0.8458,0.4173,0.794,0.8113,0.8784,0.8768,0.8687,0.4101,0.3305,0.4345,0.4389,0.4723
Rank_105,VNPAKYFNPETLKFIKENTGIDAEQFYNIMKLISKPEFNDLNFEKYNGYCEDINDGRGYRIGRFGFTTGGPNDQNPTGPALFTAYAAEKGEKNPSADAALKLLGINAKLKGNIIEINDSKEEFCGKIAKLKNDPNWINALFKTMYEQYMKYAVEECKKRGFSSAVAIGLLFYIALNMGATGGSTTLEGLLKKAGDSKNEKEFLKNLIEEAKKVIDNPKYNKPPNGTKALNMWGDLVDAGKLDLKNIDKEIDKVTDFEMK,0.8813,0.3885,0.8305,0.8614,0.9009,0.9156,0.8983,0.3285,0.3904,0.3802,0.4342,0.4091
Rank_106,TNPEKDFCPKAIEFIKKNTGIDAEQWSNIMRLISKPEFNDLNWTNYYGYCEDIGDGRGFKIGLFGFTTGGPNDQNPTGPLLFKNYAKEKGSKNPSADKALKDLGIDAKLEGNRIKINDSKEKFCGIIAKLKNDPNWRLAQIKTFYDVYGKYAVDTAKARGFSSPVFIGLLIYIALNMGATGGDTTLEGLLAKAGDSKDEKEFLKTLCAEVKKVIDDPKYNKPPNGTKAIDMWEKLVDLGKLDLKNIDETIDEVTDFEMK,0.8798,0.4204,0.8539,0.8508,0.9027,0.9171,0.8746,0.3994,0.3872,0.4342,0.4535,0.4279
Rank_107,FNPADDFDPETLKFIKENLGIDAEQWANIMKLISKPEFNDLNWKNYYGYCENIGDGRGFKIGLFGFTTGGPNDTNPSGPKLFKYYAEAKGAENPSADKALELLGINGRLEGNIIKIEDSEEEFCGKIAKLKDDPNWRLALFKTAYDEYMKYSKEQADKRGFSSAVSLGLLFYIALNMGATGGPTTLEGLLAQSGDSKDEKEFLKALCDEVKKVIDDPKYNKPPNGTKAIDMWEKLVDLGKLDLKNIEETIEEVTDFEMK,0.8877,0.4619,0.8474,0.8697,0.9178,0.9256,0.8783,0.4252,0.4181,0.4373,0.4645,0.5643
Rank_108,ENPEKWFNPETLKFIKENTGIDAEQFANIMKLISKPEFNDLNFVKYNGYCENINDGRGFRIGRFGFRTGGPNDQNPTGPKLFTLYAKELGEKNPSADKALKKLGINGKLEGNKIKIFDSEEKFCGVIKKLQNDPAWINALFKAEYEEYLKYSVALAKARGFTSAVSIGFLYYVALNMGATGGDTTLEGLLAKSGDSKDEKEFLLKFSEVVKEVIDDPKYNKPPNGTKAIKMWEDLVKAGKLDLKNIDEFIDKVTDFEMK,0.8805,0.4282,0.8213,0.8609,0.9213,0.9088,0.8904,0.401,0.3571,0.4451,0.4419,0.4959
Rank_109,ENPAENFCPETLKFIKENTGIGPEQWDNIMKLISKPEFNDLDWKKYYGYCENINDNRGFRIGRFGHRTGGPNDTNPTGPELFKLYAEAKGEKNPSADKALEILGINAKLDGNIIKIFDSEEKFCGIIKKLENDPEWIFALVKSEYKNYIEKSVALAKARGFTSPVSIGFFYYIALNMGATGGDTTLEGLVAKSGSSTDEKEFLKNLCAEAKKVIDDPKYNKPPNGTKAIDMFETLVDKGLLNLENIEKEIEEVTDFEMK,0.9166,0.5119,0.863,0.9062,0.9534,0.9356,0.9247,0.4514,0.4681,0.5195,0.506,0.6147
Rank_11,DNPAKNFNEETLKFIKENTGIDAEQWDNIMKLISKPEFNDLDWKKYYGYCENINDNRGFKIGLFGFRTGGENDQNPTGPLLFKNYAEAKGEKNPSADKALKLLGINAKLEGNKIKIYDSEKEFCGKIKKLQNDPDWIFALFKTAYEVYLKYAVDQARARGFDSPLFIGTLFWVALNMGATGGETTLEGLLAKSGDSKDEKEFLLNFCDVVKEVIDDPKYNKPPNGTKAVQMWEDLVKKGKLDLKNIDETIDEVTDFEMK,0.8931,0.448,0.8588,0.8686,0.9176,0.9227,0.8979,0.4393,0.391,0.415,0.4894,0.5055
Rank_110,NNPEKNFNDESIKFIKENTGIDAEQFDNIMKLISKPEFNDLDWKKYNGYCKNINDGRGYEIGRFGFRTGGPNDQNPTGPLLFKEYAAEKGAKNPSADKALEMLGINAKLEGTKIKINDSEEEFCGKIAKLKDDPEWINALIRTEYEVYLKTAVDKAKARGFTSAVTIGLLYYIALNMGATGGDTTLEGLLAKAGDSKDEKEFLLALCDEVEKVIDDPKYNKPPNGKQAIDRWRRLVEAGKLDLKNIDDLIKEVCDFEMK,0.919,0.5223,0.8785,0.9143,0.9402,0.9462,0.9158,0.4813,0.5185,0.5334,0.5206,0.5576
Rank_111,ENPAEYFCPETIEFIKKNTGIDAEQWANIMRLISKPEFNDLDWPEYYGYCENINDGRGFRIGRFGFRTGGPNDTNPTGPLLFKNYAEAKGYKNPSADKALKDLGINAELSGNKIKIFDSEEKFCGKIAKLKDDPNWILAQVKTAYEVYIKYAVEQCRARGFTSPLALGFLIYLALNMGATGGETTLEGLLAKSGDSKDEKEFLKKLCAVAKEVIDDPKYNKPPNGTKAIDMWETLVEAGKLELKNIEEFIKEVTDFEMK,0.8615,0.3931,0.8345,0.8388,0.9108,0.8653,0.8582,0.3936,0.2703,0.4554,0.3466,0.4996
Rank_112,RDPAKDFCPETLAFIKANTGLDAEQWANIMRLISKPEFNDLDWKNYYGYCENINDGRGFKIGLFGFYTGGPNDQNPSGPQLFTNYAAEKGEKDPSADKALEILGIDAKLEGSIIKINDSEEEFCGKIAKLKDDPNWILALFKTAYENYLKYSVDQAKARGFTSALTIGLLYFIALNMGATGGATTLEGLLAKSGTSTDEAAFLKNLCAVAKEVIDDPKYNKPPNGTKAIDMFADLNDAGKFDLKDIDEFIDEVTDFEMK,0.8866,0.4022,0.871,0.8513,0.9077,0.9107,0.8925,0.3644,0.3727,0.4102,0.4221,0.4414
Rank_113,INPAKYFCPETLKFIKENTGLDAEQWYNIMILISKPEFNDTNFTKYYGYCENIGDGRGFRIGLFGFRTGGPNDQNPTGPLLFKEYAAAKGEKNPSADAALKMLGINAKLKGNVIEIEDSEEAFCGVIAKLQNDPEWILALWRTAYDVYLKTAVALAKARGFTSALTIGTLFYIALNMGATGGPTTLEGLLAQSGNSTDEKEFMKNFCAVAKKVIDDPKYNKPPNGTKAIDMWEKLNEAGKLDLKNIEEFIKEVTDFEMK,0.8043,0.4198,0.7822,0.7681,0.8527,0.8091,0.8094,0.4579,0.3755,0.4087,0.3634,0.4934
Rank_114,INPEKYFCPETIKYIKENTGIDAEQWYNIMRLISKPEFNDLNFEKYYGYCENINDGRGYRIGLFGHRTGGENDKNPTGPELFKAYAKELGEKNPSADKALKYLGINAKLDGNIIKIEDSEEKFCGIIKKLENDPKWRLALFKTAYEQYIKYAVAQAKARGFTSALTIGFLFYVALNMGATGGDTTLAGLLAKSGSSKNEKEFLKNFADVVKEVIDDPKYNKPPNGTKAVEMWETLVDKGKLDLKDIEDLIKEVTDFEMK,0.8735,0.4051,0.8504,0.8351,0.9165,0.9037,0.8619,0.3762,0.3647,0.3966,0.4244,0.4635
Rank_115,TDPSKYFNPKTLEFIKENTGLNAEQFYNIMKLISKPEFNDLNFEKYYGYCKNINDNRGFEIGLFGFRTGGENDQNPTGPELFTEYAAEKGEANPSADKALELLGIDAKLEGNKIKINDSEEKFCGIIEKLKNDPEWINALFRTAYKQYLKYSVEQAKKRGFSSAVTIGLLFYIALNMGATGGPTTLEGLLKQSGDSKDEKEFLLKLCEEAEKVIDDPKYNKPPNGTKAINMWKKLVEAGKLDLVDIDEFIKEVTDFEMK,0.896,0.4992,0.8601,0.8878,0.9158,0.9265,0.89,0.4403,0.4979,0.4886,0.525,0.5442
Rank_116,YDPAKYFCPEALKFIKENTGIDAEQWANIMKLISKPEFNDLNFEKYYGYCKNINDGRGFEIGRFGHRTGGPNDQNPTGPKLFELYAKERGEKNPSADKALEILGINAKMKGNIIEIEDSEETFCGKIAKLQNDPNWRLALIKSEYEQYLKYSVEQAKKRGFTSAVTIGFLYYIALNMGATGGDTTLEGLLKKAGDSKDEKEFMLNLMDEAKKVIDDPKYNKPPNGTKAVDMFRKLVEAGKLDLKDIDEFIDEVTDFEMK,0.9,0.4875,0.8663,0.8839,0.9248,0.9254,0.8997,0.448,0.4814,0.4439,0.4972,0.5671
Rank_117,INPEKYFCPKALKFIKENTGIDAEQWYNIQRLISKPEFNDLDFTKYYGYCENINDGRGYRIGRFGFTTGGPNDQNPTGPALFKAYAAEKGEKDPSADKALKLLGINAKLEGNIIKIFDSEEKFCGIIAKLENDPEWRFALVKTEWEQYGKYSVAQAKARGFTDAVTIGLLYYIALNMGATGGPTTLEGLLAQSGNSTDKKAFLLNLCDVAKKVIDDPKYNKPPNGTKAIEMFRNLVLKGLLDLKNIEEEIEKVTDYEMK,0.8288,0.3766,0.8027,0.8242,0.8611,0.8465,0.8094,0.3959,0.2949,0.3909,0.3494,0.4518
Rank_118,SNPADNFCPEALKFIKENTGLNAEQWDNIMKLISKPEFNDLDWKKYNGYCENIGDGRGFRIGRFGFTTGGPNDQNPTGPKLFKLYAEARGEKNPSADKALEILGINAKLVGNIIEIKDSEEEFCGKIKELENDPNWILALIKAEYEEYIKYAVDQCRARGFDSAVSIGLAYFIALNMGATGGSTTLEGLLAQSGTSTDEKEFLKNLCNVAKTVIDDPKYNKPPNGSKAINMWEELVNAGKLDLENIDEEINKVTDFEMK,0.8871,0.4531,0.8233,0.8706,0.9214,0.9255,0.8949,0.4063,0.441,0.4488,0.4625,0.507
Rank_119,IDPEKYFSPETIKFIKENTGINAEQWYNIMKLISKPEFNDLDFPKYYGYCENIGDGRGFKIGLFGERTGGPNDTNPTGPELFKLYAEALGEENPSADKALEKLGINASLDGNLIKINDSEEKFCGIIAKLKDDPNWILAQVRLAYQKYIATAVAEARARGFTSAVFIGLLYFIALNMGATGGPTTLEGLLAQSGDSTDEVEFMKNLCAVAKKVIDDPKYNKPPNGTKAIDMWETLVDKGKLDLENIDEEIDEVTDFEMK,0.8792,0.451,0.8628,0.8517,0.9125,0.8985,0.8704,0.4122,0.3896,0.4179,0.4641,0.5711
Rank_12,RDPAKNYCPEALKFIKENTGLDAEQWDNIMRLISKPEFNDLDYTKYNGYCKDINDGRGYEIGRFGHTTGGPNDQNPTGPLLFKKYAEALGEENPSADKALEHLGINAKLEGNIIEIKDSKEKFCGIIKKLENNPEWIFALIKTEYEQYIKYSVDQARARGFDSAVTIGFLYFIALNRGATGGETTLEGLLARAGDSTDEKEFLLRLCDEAKKVIDDPKYNKPPNGSKAIDMWRTLVERGALDLKDIDDLIDEVTDFEMK,0.8768,0.4158,0.814,0.8689,0.9111,0.9313,0.8586,0.3917,0.3701,0.4066,0.4272,0.4832
Rank_120,EDPAKYFCPEALKFIKENTGLDAEQWYNIMKLISKPEFNDLNFTKYYGYCEDIGDGRGYKIGLFGFTTGGPNDQNPSGPQLFRDYAAAKGSADPSADKALELLGINARLEGTQIKIFDSEEEFCGIIAKLQNDPEWRLALIRTAYEQYLKYSVDKAKARGFTSALSIAFLFYLALNMGATGGPETLDGLLARSGDSTDEKEFLLNLSKEAKKVIDNPRYNKPPNGTKAIDMFETLVKNGKLDLKNIEKEIEKVTDFEMK,0.8499,0.4014,0.8292,0.8224,0.8936,0.8688,0.8355,0.4211,0.3177,0.4235,0.3553,0.4891
Rank_121,IDPEKYFCPEALKFIKENTGIDAEQFYNIMKLISKPEFNDLDFEKYYGYCENINDGRGYKIGLFGFRTGGPNDTNPTGPKLFKEYAKEKGSKNPSADEALKKLGINAYLDGNIIKINDSEEKFCGIIKKLKNDPEWRLALIKTMYENYLKYSVAKAKARGFTSPLFIGLLFYLALNMGATGGPETLDGLLAKSGDSKDEKEFIKNLCAVAKTVIDNPKYNKPPNGSKAIDMFETLNDLGLFDLKNIEEAIEKVTDYEMK,0.859,0.3909,0.8041,0.8356,0.8897,0.8875,0.8782,0.3886,0.3171,0.3891,0.4031,0.4566
Rank_122,TDPAKYFSPKTLEFIKANTGINAEQAYNIMKLISKPEFNDLDWKNYYGYCENINDGRGFRIGLFGFRTGGPNDQNPTGPLLFKNYAKEKGEKNPSADNALKLLGIDASLEGNIIKINDSEEKFCGIIAKLKDDPKWINALWKTYYEQYLKYAVAQAKARGFTSAVTIGFLTWVALNMGATGGPTTLEGLLARSGSSTDEKTWMRTFCDETEKVIDDPKYNKPPNGSKAVAMWRKLVDAGKLDLENIEDFIKEVTDFEMK,0.86,0.4084,0.8321,0.8033,0.8849,0.9055,0.8743,0.3425,0.368,0.4444,0.4483,0.4385
Rank_123,IDPAKYFNEETLKFIKENTGIDAEQLYNIMKLISKPEFNDLNFPDYYGYCENINDGRGFRIGRFGFRTGGPNDTNPTGPKLFELYAKEKGEENPSADKALEMLGIDAKLKGNIIEINDSEEKFCGIIAKLKNDPEWINALFKAEYEEYWKYAVDQAKKRGFTSALSIGFLYFIALNMGATGGETTLEGLLKKSGDSKDEKEFLLNLCEVAKKVIDDPKYNKPPNGTKAIDMWSQLVKDGKLDLKDIEDEIEKVTDYEMK,0.895,0.4484,0.8665,0.8779,0.918,0.9183,0.8941,0.4236,0.3977,0.4457,0.4385,0.5363
Rank_124,VNPEKYFCPEAIKYIKENTGIDAEQFYNIMKLISKPEFNDLNFEKYYGYCEDIKDGRGFKIGRFGHYTGGPKDQNPTGPLLFKLYAEEKGEKNPSADKALELLGINARLEGTKIKIFDSKEKFCGIIKKLENDPEWILAQIKAEYENYIKKSVELAKARGFNSAVAIGLLYFIALNMGATGGPTTLEGLLAQSGDSKDEKTFLLQLCDVAKKVIDDPKYNKPPNGTKAIDMFRKLVEKGLLDLKNIEDAIKEVTDFEMK,0.8664,0.4151,0.8532,0.8352,0.8897,0.8712,0.8825,0.4102,0.323,0.437,0.3687,0.5364
Rank_125,YNPAEDFCPETIKFIKENTGLDAEQWANIMRLISKPEFNDLDWKNYNGYCEDIKDGRGYKIGRFGFRTGGPNDKNPSGPKLFKNYAEALGEENPSADKALEKLGINAKLEGNIIKINDSKEKFCGVIAKLKDDPNWILALEKTAYEEYLKYSVEQAKKRGFSSAVTIGLLFYIALNMGATGGPTTLEGLLAQSGDSTDEKAWLRQLCDVVKTVIDDPKYNKPPNGTKAIERWRQLVDLGKLDLKDIDETIEKVCDYEMK,0.8691,0.4003,0.8607,0.8381,0.8774,0.9095,0.8599,0.3798,0.3775,0.402,0.3779,0.4645
Rank_126,YDPEKDFCPETIEFIKKNTGLNAEQMSNIMKLISKPEFNDLNWKKYNGYCENINDGRGFKIGRFGFRTGGPNDQNPTGPELFKNYAEAKGEKNPSADKALELLGINARLVGNIIEIEDSEEEFCGKIAKLQDDPEWILALWKTAYEQYLKYAVEQCKARGFTDAVSIGFAFYLALNRGATGGPTTLEGLLAKSGTSTDEKEFLLALADVAKEVIDDPKYNKPPNGTKAIDMFKKLVEDGKLDLENIEETIKEVTDFEMK,0.8935,0.4521,0.8741,0.8666,0.9195,0.9238,0.8834,0.4075,0.4103,0.4368,0.4694,0.5365
Rank_127,RDPAKDFCEESLKFIKENTGIDAEQFDNIMRLISKPEFNDLDWPKYYGYCKDIGDGRGFEIGLFGFTTGGPNDQNPTGPALFKAYAEAKGAANPSADKALEILGINAKLDGNIIKINDSEEKFCGIIAKLKDDPEWIFALIKTAYEVYLKYSVDQAKARGFTSALTIGFLFYIALNMGATGGPTTLEGLLKQAGDSKDEKEFMKNLCAVTKKVIDDPKYNKPPNGTKAVDMWRTLNDKGLWDLKNIDKEIDEVTDFEMK,0.8547,0.3933,0.804,0.8397,0.8649,0.8986,0.8664,0.3488,0.3535,0.4149,0.4127,0.4364
Rank_128,VDPAKNFCPEALKFIKENTGLDAEQWYNIMKLISKPEFNDTNFEKYNGYCENIGDGRGYRIGRFGFTTGGPNDTNPTGPALFKNYAAAKGEKDPSADKALKSLGINAYLDGSKIKINDSEEEFCGKIAKLKNDPEWILALIKTEYDQYIKYSVDQAKARGFSSAVTIAFLYYLALNMGATGGPTTLEGLLKQSGDSKDEREFLLNLSAVAEKVIDDPKYNKPPNGTKAIEMFRKLVEKGKLDLKNIDDEIKEVLDFEMK,0.8767,0.4017,0.8358,0.8498,0.9022,0.9135,0.8824,0.4201,0.3139,0.4091,0.3453,0.5202
Rank_129,DNPADNFCPETLKFIKENTGLDAEQWDNIMKLIAKPEFNDLNWKDYYGYCENIGDGRGYRIGRFGFTTGGPNDQNPTGPALFKAYAAAQGAANPSANKALEKLGIDAELDGTIIKINDSEEKFCGIIAKLKDDPNWILALYKTEYETYMKYAVEAAKARGFNSAVTIGLLYFIALNMGATGGPTTLEGLLKQSGDSKDEKEFLLSLCAEAKKVIDDPKYNKPPNGTKAIEMWETLVKKGAFDLKNIDELIKEVTDFEMK,0.8944,0.4791,0.8366,0.8869,0.9255,0.9245,0.8984,0.4412,0.4373,0.4745,0.5036,0.5386
Rank_13,LNPAKFFCPETLAFIKENTGLDAEQFYNIMRLISKPEFNDLNWEKYYGYCKNINDGRGFEIGLFRHTTGGPNDQNPTGPKLFTEYAKALGSKNPSADEALKKLGINAKLEGNKIKINDSEEKFCGIIKKLKNDPNWILAQFKTAYDEYLKYSVDQAKARGFTSAVTIGLLFYIALNMGATGGPTTLEGLLARSGDSKDEKEFLLNLCAVAKTVIDDPKYNKPPNGTKAIDMWERLVKAGKLDLKNIEEEIKKVTDFEMK,0.8545,0.4025,0.8127,0.8434,0.8719,0.8797,0.8647,0.4412,0.3149,0.4334,0.3861,0.4369
Rank_130,INPEKYFCPKAIEFIKENTGLDAEQWYNIMRLISKPEFNNLNFEEFYGYCEDINDGRGFRIGLFGFTTGGPNDQNPTGPQLFTNYAKEKGEKNPSADKALKLLGINAKLEGNQIKINDSKEEFCGKIKKLKNDPNWRFALIKTAYENYIKYSVAAAKARGFTSAVFIALLFYIALNMGATGGPTTLEGLLAQAGDSTDEREFLLRLCDVAEKVIDDPKYNKPPNGSKAIEMFRRLVEAGKLDLKDIDEFIEEVTDFEMK,0.8469,0.434,0.8014,0.808,0.8665,0.8894,0.869,0.3747,0.4086,0.4241,0.4879,0.4747
Rank_131,KDPAKYFSPKTLEFIKENTGINAEQLYNIMRLISKPEFNDTDFTKYYGYCENINDGRGFRIGLFGFTTGGPNDQDPTGPELFKNYAKERGEKNPSADKALEILGINAKLKGNIIEINDSEEKFCGIIAKLKNDPNWILAQFKTMYEQYLKYSVAQAKARGFTSALSIGLLFFIALNMGATGGPTTLEGLLAQSGDSTDEKEFLLNLCDVIEKVIDNPKYNKPPNGSKAVAMFRKLVEAGKLDLENIDEFIDEVTDYEMK,0.8468,0.4733,0.8073,0.8141,0.8653,0.8892,0.8582,0.4094,0.4662,0.4544,0.4947,0.5418
Rank_132,ENPEKYFNKESIEFIKKNTGINAEQFYNIMKLISKPEFNDTNFTNYYGYCENINDGRGYKIGLFGHTTGGPNDQNPTGPELFKNYAKNKGEENPSADKALEMLGINAKLEGNKIKIEDSEEKFCGKIAELKNDPNWINAQIETYYNQYLKYSVDQAKARGFTSAVTISLLTYIALNMGATGGETTLEGLLAKSGDSKDEKEFLLALCEEAKKVIDDPKYNKPPNGTKAINRWEELVKKGELDLENIDETIKEVLDFEMK,0.9214,0.5067,0.9066,0.912,0.9357,0.9406,0.9123,0.4242,0.4813,0.508,0.5453,0.575
Rank_133,RNPEKYFNPETIKFIKENTGLNAEQWDNIMKLISKPEFNDLNWKKYYGYCENINDGRGYRIGLFGFRTGGPNDQNPTGPQLFKNYAKAKGEKNPSADKALKILGINAKLEGNKIKIFDSEEEFCGKIAKLENDPNWIFALFKTAYENYIKYSVEQCKARGFTSAVAIGLLFFLALNMGATGGDTTLEGLIAKSGDSTDEKEWLLNLCEVAKTVIDDPKYNKPPNGSKAIDMFTNLVKAGKLDLENIDDTIEEVTDFEMK,0.8884,0.4745,0.8552,0.8593,0.9117,0.9135,0.9024,0.3798,0.494,0.4777,0.5038,0.5174
Rank_134,TDPAKYFNPETLKFIKENTGLDAEQWANIMRLISKPEFNDLNFTKYNGYCENIGDGRGFRIGLFGFTTGGPNDQNPSGPLLFKEYAKEKGEKNPSADKALKILGINAKLEGKLIKIEDSEEKFCGIIAKLQNDPNWINALFKTAYKEYIKYAVEQAKARGFTSPLTIGLLFYIALNMGATGGPDTLEGLLKQSGNSTDEKEFLLNLCEEVEKVIDDPKYNKPPNGSKAIERWRRLNLAGKFDLKGVDAFIDEVTDFEMK,0.8726,0.4656,0.8352,0.8509,0.8902,0.9079,0.8789,0.4094,0.4336,0.4554,0.5085,0.5209
Rank_135,DNPENYFCPEAIKFIKENTGLNAEQWYNIMRLISKPEFNDLDFWKYNGYCENINDGRGFRIGRFGFRTGGPNDQNPTGPLLFKYYAEAKGEENPSADKALELLGINARLEGNIIKIEDSEEEFCGKIAKLENDPEWILAEIKTAYDQYIKTSVDLAKARGFSSALTIGALFYVALNMGATGGEETLEGLVAKSGDSTDEKEFMKKFCAEVKKVIDNPKYNKPPNGTKAINMFEELVNKGLLDLENIEKEIEKVTDFEMK,0.8939,0.4576,0.8584,0.8762,0.9296,0.9154,0.8898,0.4296,0.398,0.4372,0.4613,0.5619
Rank_136,VNPAEYFSPETLKFIKENTGLNAEQWYNIMRLIAKPEFNDLDWKKYNGYCENIGDGRGFRIGRFGFRTGGPNDTNPTGPKLFKLYAEERGEKNPSADKALELLGINASLEGNIIKINDSEAEFCGKIAALQNDPEWINAQVKAFYENYGKYAVAQAKARGFTSAVTIGLLLYLALNMGATGGPTTLEGLLARSGDSTDEAAFLRRLCDVAEEVIDDPKYNKPPNGSKAIQRWRDLVDAGKLDLVNIDDFIDEVTDYEMK,0.862,0.4643,0.7908,0.8448,0.9021,0.9026,0.8695,0.415,0.4121,0.4701,0.4845,0.5399
Rank_137,YNPEKDFNPETIAFIKANTGINAEQFANIMKLISKPEFNDLDWKNYYGYCENINDGRGFKIGLFGFRTGGPNDTNPTGPKLFKLYAEEKGEENPSADKALEILGIDAKLEGNIIKINDSEEKFCGKIAALKDDPNWINALFRQFYQEYLAKSVALARARGFTSPVTIGLLTYIALNMGATGGPTTLEGLLAQSGDSTDEREFLLALCDVAKTVIDDPKYNKPPNGSLAIDRFRKLVELGLLDLENVEEEIEKVTDFEMK,0.8723,0.4683,0.8247,0.8671,0.8966,0.8845,0.8885,0.4156,0.4306,0.5421,0.5048,0.4483
Rank_138,IDPAKYFCPEAIKFIKANTGLDAEQWYNIMKLISKPEFNDLNFEKYYGYCENIGDGRGFRIGLFGFTTGGPNDQNPTGPLLFKLYAEAKGAKEPSADKALEMLGINARLEGNIIKIEDSEEKFCGVIAKLQNDPEWRLALYKAAFEQYIKTAVAEAKARGFTSPLTIGLLTYIALNMGATGGPTTLAGLLAQSGDSTDEAEFLRALCEVAKKVIDDPKYNKPPNGTKAIERWEILNEKGLFDLVNIDEEIDKVTDFEMK,0.8307,0.4255,0.8159,0.8026,0.8438,0.8635,0.8276,0.3909,0.3498,0.4293,0.4722,0.4856
Rank_139,SNPAKDFCPETLKFIKENTGLNAEQWSNIMRLISKPEFNDLDWKKFNGYCEDIKDGRGFKIGRFGFRTGGPNDTNPTGPKLFEAYARERGEENPSADAALKLLGINAKLEGNKIKIEDSEEKFCGIIAKLQDDPNWIKALFTTEWEVYGKYSVEQAKARGFTSALTIGLLFFIALNMGATGGPTTLEGLLAQAGDSTDEKEFLLNLCDVAKKVIDDPKYNKPPNGTKAISMFEKLVEAGKLDLVNIDEEIEKVTDFEMK,0.8805,0.3932,0.8279,0.8727,0.8945,0.9218,0.8857,0.3822,0.3445,0.4399,0.3246,0.4746
Rank_14,INPEKYFCPETIKFIKEKTGIDAEQWYNIMKLISKPEFNDLNFEKYYGYCENINDGRGYKIGLFGFTTGGENDKNPTGPLLFKLYAEEKGSKNPSADKALEILGIDAKLEGNIIKINDSEEEFCGKIAKLKNDPNWRLALFKSAYENYIKYAVDEAKKRGFDSPVTIGFLIYIALNMGATGGPTTLEGLLAQAGDSKDEKEFMLNLAEVAEKVIDDPKYNKPPNGTKAINMFKELVEKGKLDLKNIDEEIKEVTDFEMK,0.8873,0.4339,0.8555,0.8813,0.9012,0.907,0.8912,0.4065,0.4018,0.4541,0.422,0.4852
Rank_140,IDPAKYFNPKTLEFIKKNTGLDAEQWYNIMKLISKPEFNDTDFPKYNGYCENIGDGRGYRIGRFGFTTGGPNDQNPTGPLLFKLYAEEKGEENPSADKALELLGINAELKGTLIEIKDSEEEFCGKIAKLQNDPEWINAQVRAAYEVYIKYSVDLAKARGFTSALTIAFLYYLALNMGATGGPTTLEGLVAQSGNSTDEKAWMAALCDEAKKVIDDPKYNKPPNGTKAVDRYRTLNEKGAFDLKNIDALIDEVLDFEMK,0.8585,0.43,0.8363,0.8335,0.9143,0.8421,0.8663,0.4143,0.339,0.4501,0.4224,0.5241
Rank_141,FDPAKDFNPETLKFIKENTGIDAEQWDNIMKLISKPEFNDLDWKKYYGYCENINDGRGFKIGRFGFRTGGPNDQNPTGPELFKLYAKEKGAADPSADEALKLLGINAKLEGNIIKINDSEKEFCGKIAKLQDDPNWINALFKAEYEQYIKYAVDQAKARGFTSALTLGFLYYLALNMGATGGPTTLEGLLAQSGDSTDEKEFLLNLCDVAKKVIDDPKYNKPPNGSKAIAMWEKLNEAGKFDLKNIEEFIKEVTDFEMK,0.9048,0.4812,0.8685,0.8963,0.9302,0.9354,0.8937,0.4266,0.4568,0.5049,0.4533,0.5646
Rank_142,INPEKYFSPETLKFIKENTGLNAEQWYNCMKLISKPEFNNLDFKKFYGYCENIGDGRGFRIGLFGFTTGGPNDKNPTGPKLFKLYAEEKGEENPSADKALELLGINAKLKGNIIEINDSEEEFCGKIKKLENDPNWINALFKAAYEVYLRYSVEQCRKRGFTSPLAICLLFYIALNMGATGGETTLEGLLAKSGDSKDEKEFLLNLCKVAKEVIDDPKYNKPPNGSKAIDMFEKLVKAGKFDLENIDEFIEEVTDFEMK,0.8825,0.4601,0.8473,0.8639,0.9037,0.9163,0.8811,0.3888,0.4553,0.4523,0.5308,0.4734
Rank_143,LDPAKYFCPEALKFIKENTGLGAEQWYNIMRLISKPEFNDLDFHKYNGYCKNINDDRGFEIGKFGERTGGPKDQNPTGPKLFENYAKAKGEENPSADKALELLGINARLEGNKIKIFDSEEEFCGKIKTLENDPEWILAQVKTAYENYGKYAVAQAKARGFSSAVTIGFLFYLALNMGATGGEETLEGLLAKSGDSKNEKEFLKNLCEEAKKVIDNPKYNKPPNGSKAIDMWEKLVEKGELNLENIEELIKEVTDFEMK,0.8931,0.4296,0.8493,0.8907,0.9167,0.9256,0.8832,0.4861,0.3734,0.4221,0.3723,0.4941
Rank_144,YDPAKNFNPESLKFIKENTGIDAEQWDNIMRLISKPEFNDLDWKKYNGYCENINDGRGYRIGRFGFYTGGPNDKNPTGPKLFTYYAKEKGEKNPSADAALKLLGIDASLDGNIIKINDSEEKFCGKIASLENDENWILAQIKTAYDQYIKTAVAQAKARGFTSPLTLGLLFYIALNMGATGGPTTLEGLLAKSGDSKDEKEFLKKLCAEAKKVIDDPKYNKPPNGTKAIEMWEKLNELGKYDLKNIEETIKEVTDFEMK,0.9009,0.4635,0.8876,0.8802,0.9215,0.9273,0.888,0.4003,0.487,0.4482,0.4764,0.5057
Rank_145,RDPAKNYCPEALKFIKENTGINAEQFDNIMRLISKPEFNDLDWSKYYGYCEDIGDGRGFRIGLFGFRTGGPKDQNPTGPKLFTLYAEARGHANPSADAALKDLGIDAKLEGNIIKINDSKEEFCGKIKKLQNDPNWRLALIKQEYEEYLKYAVDAARARGFTSPVAIALLYYIALNMGATGGPETLEGLLARAGDSTDEREFLLRLCDVAEEVIDNPKYNKPPNGSKAIAMFRRLVEAGALDLEGIDALIDEVTDFEMK,0.8314,0.3897,0.7544,0.8309,0.8668,0.8878,0.8172,0.3818,0.3602,0.4468,0.3509,0.4088
Rank_146,RDPAKNFCPEAIAFIKANTGLDAEQWDNIMRLISKPEFNDTDWTKYNGYCENINDGRGFRIGLFGFRTGGPNDQNPSGPLLFKLYAKAKGEENPSADKALELLGIDARLEGNIIKINDSEEKFCGKIASLQNDPAWILALIQAAYEQYLKKAVDLAKARGFTSALAIGFLFDLALNMGATGGPTTLEGLLAQSGNSTDEKTFLLNLCDVAKKVIDDPKYNKPPNGTKRIDMWRKLVEKGALDLKNVDELIDEVTDYEMK,0.8484,0.4228,0.7907,0.8173,0.8663,0.8898,0.8779,0.3786,0.4164,0.4353,0.4308,0.4528
Rank_147,DNPAKYFSPETIKFIKENTGIDAEQWYNIMKLISKPEFNDLDFSKYNGYCENIKDGRGFRIGRFGFRTGGPNDKNPTGPLLFKNYAEAKGEENPSADKALELLGINAYLNGNIIEIKDSEEEFCGKIAKLQNDPEWIFALTKTEYEVYVKTSVELARARGFTSAVFIGFLYYLALNMGATGGPTTLEGLLAQSGDSKDEKEFLLNLCEVAEKVIDDPKYNKPPNGTKAIEIWRNLVLAGKLDLKNIDDTIKEVTDFEMK,0.8736,0.4172,0.7887,0.872,0.9152,0.8995,0.8927,0.4235,0.3299,0.442,0.4191,0.4713
Rank_148,INPADYFNPETLKFIKENTGINAEQFYNIMRLISKPEFNDLDFTKYYGYCENINDGRGYKIGLFGFYTGGPNDQNPSGPKLFELYAKEKGEKNPSADKALKLLGINAKLEGNKIKIFDSEEKFCGIIKKLKNDPKWINAQFKAMYEQYLKYSVEQAKARGFSSAVTIGLLFYLALNMGATGGETTLEGLLARAGDSTDEKEFLLNLCAVAEEVIDDPKYNKPPNGSKAIAMWRQLVEAGKLDLVNIDETIDEVTDFEMK,0.8786,0.4994,0.8437,0.8516,0.9065,0.914,0.877,0.4107,0.4903,0.5197,0.5488,0.5277
Rank_149,INPEKYFNPKTLEFIKENTGLNAEQWYNIMKLISKPEFNDLNFEKYNGYCEDIKDGRGFRIGRFGFRTGGPNDQNPTGPELFKLYAEEKGEKNPSADKAFEILGINARLKGNIIEIEDSEEKFCGKIAKLKNDPEWINALVKKEYETYLKFSVEQCKARGFTSALAIGFAYFLALNMGATGGDTTLEGLLAKAGDSKDEKEFLLNLAEEAKKVIDDPKYNKPPNGTKAIEMWEKLNKAGKWNLENVEDFIKEVTDYEMK,0.9127,0.4855,0.8751,0.9037,0.9355,0.9361,0.9131,0.4286,0.4961,0.4767,0.4817,0.5444
Rank_15,TNPEKYFNPEAIKFIKENTGLDAEQWYNIMKLISKPEFNDLNFEKYNGYCENINDGRGFKIGRFGHTTGGPNDQNPTGPKLFTNYAKEKGAKNPSADKALELLGINGSLEGNIIKINDSEEKFCGIIKKLQNDPEWINAQIKTEYEEYIKTAVDLAKARGFTSAVFIGFLYYIALNMGATGGPTTLEGLLARSGDSKDEKEFLKALAAEAKKVIDDPKYNKPPNGTKAIQMFEDLVEAGKLDLKNIDELIDKVTDFEMK,0.9119,0.4797,0.8715,0.9075,0.9321,0.9403,0.9082,0.4062,0.4721,0.4668,0.5028,0.5504
Rank_150,INPEKYFCPESLKFIKENTGLDAEQWYNIMRLISKPEFNDLNFEKYYGYCENIGDGRGFRIGLFGFTTGGPNDTNPTGPKLFELYAKARGEKNPSADAALKALGINARLEGNQIKIFDSEEEFCGKIKSLVNDPEWIFAQIKAAYEQYGKFAVEQAKARGFSSAVTIGFLFYIALNMGATGGATTLEGLLAKAGTSTDEKAFMTKLAEEAKKVIDDPKYNKPPNGTKAVNMWEELVKAGKLDLKDIDDFIKEVTDFEMK,0.8731,0.4598,0.8416,0.8589,0.9164,0.9033,0.8452,0.4099,0.4181,0.4369,0.482,0.5519
Rank_151,INPAEYFNPETLKFIKENTGLDAEQWYNIMRLISKPEFNDLNFPEYNGYCENINDGRGFKIGRFGFRTGGENDQNPTGPKLFEYYAKEKGEENPSADKALEILGINAKLKGNKIEIEDSEEEFCGKIAKLKNNPEWINALVKTEYDEYIRYAVEQARARGFSSPLTIGFLYDVALNMGATGGPTTLEGLLAQSGDSTDEKEFMLKFCDEVEKVIDDPRYNKPPNGSKAINMWRTLVEAGKLDLKNIDEFIDEVTDFEMK,0.8971,0.4703,0.8517,0.8906,0.9263,0.9246,0.8924,0.4604,0.3818,0.4846,0.4828,0.5419
Rank_152,RNPAANFDPETLAFIKENTGIDAEQLDNIMRLISKPEFNDLDWPKYYGYCEDIKDGRGFKIGLFGFYTGGPNDQNPTGPRLFTAYARARGAAAPSADAALAALGINARLEGNVIKIEDSKEAFCGKIAALKDDPAWRHALFETFYEEYLKYSVDLAKKRGFTSPVFIGFLTYIALNMGATGGDTTLEGLVAKAGDSKDEKEFMLNLCDVAKEVIDDPKYNKPPNGTKAISMWEKLVKAGKFDLKDIDEFIKEVTDYEMK,0.8779,0.4529,0.8243,0.8676,0.8957,0.916,0.8858,0.4325,0.3679,0.4727,0.4712,0.5201
Rank_153,TDPAKYFSPEALAFIRANTGLNAEQWDNIMKLISKPEFNDLNWEKFYGYCEDIGDGRGYRIGRFGFRTGGPNDQNPTGPALFTAYAAAKGEANPSADAALKLLGINARLKGTKIEIKDSKEAFCGKIAALRNDPAWILALIRTEYDQYIRTAVAQARARGFTSALFIGFLYFIALNRGATGGPTTLEGLLAKSGDSTDEKEFLKKLAEEAKKVIDDPKYNKPPNGTKAIDMWLTLVEKGLLDLENIDEEIEKVTDFEMK,0.8582,0.4393,0.7865,0.8449,0.9035,0.8909,0.865,0.3823,0.4052,0.4663,0.5081,0.4346
Rank_154,EDPAKYFSPETIKFIKENTGIDAEQWYNIMKLISKPEFNDLDFTKYYGYCENINDGRGFRIGLFGFTTGGPNDQNPTGPLLFEEYAKAKGAENPSADKALELLGINAKLEGNLIKINDSEEKFCGKIKKLQNDPNWRLALIKTGYKVYLKTAVDLAKARGFTSAVAIGLLYFIALNMGATGGPTTLEGLLARAGDSTDEKEFLLTLCDEVKQVIDDPKYNKPPNGTKAIEMWRQLVEAGALDLKNIEDLINEVTDFEMK,0.8665,0.4387,0.8295,0.8466,0.8864,0.8935,0.8766,0.4134,0.3778,0.4181,0.4626,0.5214
Rank_155,QDPAKYFSPEALEFIKKNTGINAEQWYNIMKLISKPEFNDTNFWKYNGYCENINDGRGYKIGRFGFTTGGPNDQNPTGPALFKYYAEAKGSKNPSADKALEMLGINAKLEGNIIKINDSEEKFCGKIASLKDDPEWILAEIKTAYDQYLKYSVDQAKARGFTSPVTIGFLFYLALNMGATGGPTTLEGLLAQAGNSTDEKTFMLNLCDVAEKVIDDPRYNKPPNGSLAIKMWRDLVKAGKLNLENIDEEIDKVTDFEMK,0.8712,0.4348,0.8222,0.844,0.9029,0.901,0.886,0.3818,0.3814,0.4453,0.4378,0.5277
Rank_156,LNPAKDFCPETLKFIKENTGIGAEQWSNIMKLISKPEFNDLDWKKYYGYCENIGDGRGFKIGLFGFRTGGPNDQNPTGPLLFKNYAEAKGAENPSADKALEYLGINARLEGNKIKIFDSEEEFCGKIEKLKDDPEWILALFRTAYEVYIKYSVDQAKARGFTSPVAIALLTWIALNMGATGGDTTLEGLLKRSGTSTDEKEFLLNLCDVAKEVIDDPKYNKPPNGSKAIDMFRQLVLAGKLDLVNIEKEIEKVTNFEMK,0.8398,0.4053,0.7976,0.8337,0.8755,0.8877,0.8044,0.4183,0.3211,0.4087,0.4003,0.478
Rank_157,YNPAEDFNPETLKFIKENTGLDAEQFANIMRLISKPEFNDLNWKKFNGYCENINDGRGFRIGRFGFRTGGPNDQNPTGPKLFELYAKEKGFKNPSADEALKLLGINARLEGNIIKIFDSEEKFCGIIKKLENDPNWINAQFKAMYEEYLKYSVDLAKARGFTSAVFIGFLFYIALNMGATGGPTTLEGLLAKAGDSKDEKEFMKALCAEVKKVIDDPKYNKPPNGTLAVNQFEQLVDAGALDLKNIEELIEEVTDFEMK,0.883,0.44,0.8331,0.8787,0.9,0.9176,0.8857,0.4221,0.3693,0.4245,0.4762,0.508
Rank_158,YNPAENFNPETLKFIKENYGINAEQLDNIMKLISKPEFNDLDWKKFNGYCENINDNRGFKIGRFGFRTGGVNDQNPTGPLLFKNYAKEKGEKNPSADKALKLLGINAKLEGNKIKINDSEEKFCGIIAKLVNDPNWINALFKTEWEVYGKYAKEQALARGFTSALTLGFLYYVALNMGATGGETTLEGLLAKSGDSTDERVFLDNFCDVVKEVIDDPKYNKPPNGTKAVDMWRRLNDMGLFDLENIEDAIKEVTDYEMK,0.8756,0.4316,0.8217,0.852,0.9127,0.9046,0.887,0.3708,0.3853,0.4342,0.476,0.4919
Rank_159,ENPEKDFCPEAIKFIKENTGIDAEQFANIMRLISKPEFNDLDWKKYNGYCKDINDGRGFEIGRFGFRTGGPNDQNPTGPLLFKNYAAERGEKNPSADKALKILGINAKLKGNQIEINDSEEEFCGKIAALENDPEWINALIKTAYEQYLKTSVALAKARGFTSALAIGLLFYIALNMGATGGPTTLEGLLARAGDSTDEKEFLLALCDEVEKVIDDPKYNKPPNGTKAVEMWRRLNELGKFDLKNIEDTIKEVTDFEMK,0.8812,0.4154,0.8529,0.8732,0.9117,0.8929,0.875,0.3973,0.382,0.442,0.3906,0.4648
Rank_16,DDPAKYFNPETLKFIKENTGINAEQWYNIMKLISKPEFNDLNFTKYYGYCKNIGDGRGFEIGLFGFRTGGPNDQNPSGPKLFKEYAKELGEKNPSADKALKKLGINAKLEGNKIKINDSEEEFCGKIAKLQNDPNWINAIFKTAYEEYIKYAVDQAKARGFTDAVTIGFLTYIALNMGATGGPETLEGLLAKSGDSKDEKEFMLKLMEEAEKVINNPKYNKPPNGSKAIEMWRKLVEAGKLDLVNIDDFIKEVTDFEMK,0.9032,0.4845,0.8728,0.8894,0.928,0.929,0.8968,0.3891,0.4722,0.4641,0.5468,0.5503
Rank_160,IDPSKYFSPKTIEFIKENTGLDAEQWYNIMRLISKPEFNDLDFPEYYGYCEDINDGRGYRIGLFGFTTGGPNDQNPSGPELFKLYAEEKGEKNPSADKALELLGINAKLEGKIIKIEDSKEKFCGVIAKLKDDENWRNALFKAAWEKYGKYSVDQAKARGFTSAVTIGTLFFIALNMGATGGPTTLEGLLKRSGDSKDEKEFLLALMDEAKKVIDDPKYNKPPNGTLAIERWRRLVELGKLDLKNVEETIKEVTDFEMK,0.8771,0.4375,0.8333,0.8667,0.9039,0.9077,0.8737,0.4149,0.3651,0.4471,0.4664,0.4943
Rank_161,ENPAEDFCPETLAFIKENTGLNAEQWANCMRLISKPEFNDKDWKKYNGYCENINDGRGYKIGRFGFTTGGPNDQNPTGPALFTAYAAARGEKNPSADAALKLLGINAKLEGNIIKINDSEEEFCGKIAALENDPAWIFALERTAYEQYIKYSVEQAKARGFTSALTICFLFYLALNMGATGGPETLEGLLAKSGDSKDEKEFMKNLAEEAKKVIDNPKYNKPPNGSKAIDMFRKLNDAGKLDLTNIEDEIDEVTDFEMK,0.8945,0.4695,0.856,0.8805,0.9214,0.917,0.8976,0.4504,0.4593,0.4491,0.48,0.5086
Rank_162,VDPAKYFCPKTLEFIKKNTGIDAEQWYNIMRLISKPEFNDTDFEKYYGYCENINDGRGYRIGLFGHRTGGPNDQNPTGPLLFENYAKEKGEKNPSADKALELLGINARLVGNKIEIKDSEEEFCGKIAKLVNDPEWRFALFKTAYDQYIKTAVAEAKARGFSSALAIGFLVYVALNMGATGGPTTLAGLLAKSGSSTDEKAFMLALAAEVKKVIDDPKYNKPPNGTKAVDMFERLVKAGKTDLKDIDDFIKEVTDFEMK,0.8723,0.41,0.8426,0.8504,0.901,0.8964,0.8712,0.4214,0.3512,0.4221,0.383,0.4725
Rank_163,INPEKYFSPEALKFIKENTGLDAEQFYNIMQLISKPEFNDLNFEKYYGYCENIGDGRGFRIGRFGHTTGGPNDQNPTGPALFTAYAAEKGEANPSADAALTMLGINAKLEGTKISISDSEATFCGKIASLKNDPNWINAEIKTFWDQYGKYSVELAKKRGFTSAVTIGLLLYIALNMGATGGDTTLEGLLAKSGDSKDEKEFLKNLCAVAKQVIDDPKYNKPPNGTKAIDIWEKLVEAGKLDLKNIEEFIKEVTDFEMK,0.8894,0.4538,0.8407,0.8656,0.9236,0.9206,0.8963,0.402,0.3628,0.4862,0.4958,0.5223
Rank_164,YNPAEYFCPETLKFIEENTGLNAEQWANIMRLISKPEFNDLNFEKYNGYCENINDGRGFKIGRFGFTTGGPNDQNPTGPKLFKNYAAAKGEENPSADKALKMLGINAKLKGNIIEIKDSEEKFCGIIKKLQNDPNWILALTKTEYEEYLKYSVAQAKARGFSSAVAIGLLYFIALNMGATGGPTTLEGLLAQSGSSTDEKTFLKQLCAVAKTVIDDPKYNKPPNGSKAIDMFEQLVDAGELDLTNIEDLINKVTDYEMK,0.8688,0.4507,0.8182,0.8317,0.8987,0.9127,0.8826,0.4234,0.4209,0.4268,0.485,0.4973
Rank_165,YDPAKDFNPEALKFIKENTGIDAEQWSNIMRLISKPEFNDLDWKKYYGYCENIGDGRGFRIGRFGFRTGGPNDQNPSGPALFTAYAKEQGEANPSADAALAKLGINAKLDGNIIKIYDSEEKFCGKIAALENDPNWINALIKTEYERYGKYSVELAKARGFNSAVTIGLLYYIALNMGATGGPTTLEGLLAQSGDSKDEKEFLLNLCDVAEKVINDPKYNKPPNGQKAINMWRQLVEAGELDLKNIEEKIKEVTDFEMK,0.8853,0.4911,0.8287,0.8759,0.9191,0.9074,0.8952,0.432,0.4162,0.483,0.5441,0.5803
Rank_166,DDPAKDFCPETIKFIKENTGLDAEQWANIMRLISKPEFNDLDFKNYYGYCEDIGDGRGYRIGRFGFRTGGPNDQNPTGPLLFKNYAKELGEKNPSADKALEILGIDAELKGNIIEIKDSEEEFCGKIAKLKDDPKWILAETRTFYEVYLKYAVDQAKARGFTDALTIGTLTYVALNMGATGGPTTLDGLLAQSGDSTDEKEFMLNFCAEAEKVIDDPKYNKPPNGTKAIQMWRDLVEAGLLDLKNIDEAIDKVTDFEMK,0.8886,0.4538,0.834,0.8695,0.9212,0.9126,0.9058,0.4297,0.382,0.4663,0.4545,0.5367
Rank_167,LDPAKYFCPKALEFIKKNTGLNAEQWYNIMRLISKPEFNDLNFEKYYGYCEDINDGRGFRIGRFGFTTGGPNDTNPTGPLLFTNYAKEKGEKNPSADNALKMLGINAYTDGNIIKILDSKEEFCGKIAKLQNDPDWRFALIKTEYEVYIKTAVDLAKARGFTSAVFIGFLYFLALNMGATGGATTLEGLLAQAGSSTDEKTFMKNLAAVAKKVIDDPKYNKPPNGTKAIQMWEDLVNAGKLDLENIDEFIDEVTDFEMK,0.8409,0.3968,0.7935,0.7661,0.8951,0.8735,0.8761,0.3855,0.3153,0.4206,0.3786,0.4841
Rank_168,EDPAKNFCPKSLEFIKENTGLDAEQWDNIMKLISKPEFNDLNWKNYYGYCEDIGDGRGFRIGRFGFTTGGPNDQNPTGPLLFKNYAKELGEKNPSADKALKYLGINAKTEGKIIKINDSKEKFCGKIAALKDDPNWILAEIKTAYEQYIKYSVKQAKERGFTSAVAIGLLFYVALNMGATGGDTTLEGLLAKSGDSKDEKEFLLNFCDVVEEVIDDPKYNKPPNGTKAISMWRTLVLEGKLDLKNIEETIKKVTDFEMK,0.8713,0.4228,0.8376,0.8528,0.8948,0.8827,0.8886,0.4232,0.3616,0.4328,0.4156,0.4807
Rank_169,INPAEYFNPETLAFIKKNTGIDAEQWYNIMKLISKPEFNNLNFKEYNGYCENIGDGRGFRIGLFGFTTGGPNDTNPTGPALFTLYAEERGAANPSADAALKDLGINASLEGNLIKINDSEEEFCGKIAALKNDPAWINALVKQAYNQYLKYSVDQAKARGFTSPLFIGTLFFIALNMGATGGPTTLEGLLAQAGNSTDEKAFLKALCDEAKKVIDDPKYNKPPNGTKAIQMWADLNDAGKLDLKNIDDEIDKVTDFEMK,0.8869,0.4541,0.8516,0.8438,0.9216,0.9201,0.8972,0.4125,0.4217,0.444,0.4718,0.5204
Rank_17,DDPAADFCPEALAFIRANTGLDAEQWANIMRLISKPEFNDLDWRKYYGYCENIGDGRGFRIGRFGFTTGGPNDQNPTGPRLFTEYARERGAENPSADKALELLGINARLEGNKIKIFDSEEEFCGKIAALENDPAWRLALFRTEWAEYGAYAVAQARARGFTSAVFIGLLYYLALNMGATGGPTTLEGLLAQSGDSTDEREFLLNLCDVAKKVIDDPKYNKPPNGTKAIDRWRTLVEKGALDLRDIDELIDEVCDFEMK,0.7892,0.2973,0.7505,0.7674,0.8553,0.7802,0.7925,0.2813,0.2534,0.3287,0.3154,0.3079
Rank_170,IDPAKYFCPEALKFIKANTGINAEQFYNIMRLISKPEFNDLNFEKYNGYCENIGDGRGFRIGRFGFTTGGPNDTNPTGPLLFKNYAKARGEKNPSADAALKLLGINARLEGNLIKIEDSEEEFCGKIASLKNDPNWILALIKTEYDVYLKTAVAQAKARGFTSPLTIGFLFYVALNMGATGGDTTLEGLLAKAGDSTDEAEFMKKLCDEVKKVIDDPKYNKPPNGSLAVQRWLDLNERGLFDLENIDEEIEEVCDFEMK,0.8077,0.3587,0.7596,0.8006,0.8142,0.8095,0.8545,0.3689,0.2957,0.4004,0.3506,0.3782
Rank_171,YNPEKLFNPESLKFIKENTGLNAEQWANIMKLISKPEFNDKDFEKFNGYCEDINDGRGYKIGRFGHRTGGPNDTNPTGPTLFKNYAAELGAANPSADAALATLGINGSLSGNKITINDSKATFCGKIAALQNDPAWINALIKTEYEQYIKYSVDQAKARGFTSPVFIAFLYYIALNMGATGGPTTLEGLLAQSGDSTDEKEFLLALCDVAEKVIDDPRYNKPPNGSKAIEMFRKLVEKGKLDLVNIEEEIDEVTDFEMK,0.8854,0.5011,0.8251,0.8542,0.9312,0.9167,0.8996,0.4454,0.433,0.5348,0.5338,0.5586
Rank_172,INPAEYFCPETLEFIKKNTGLNAEQWYNIMRLISKPEFNDTDFTKYNGYCEDIGDGRGFRIGRFGFRTGGPNDKNPTGPELFKAYAAAKGEADPSADKALKLLGIDAELEGKIIKINDSKEKFCGIIEKLVNDPEWIFALVKTEWEKYGKYAVAQARARGFTSAVTIGFLYFVALNMGATGGATTLEGLLAKSGSSTDEKEWMLNFCAVTKTVIDDPKYNKPPNGTKAVNMWEELVKAGKFDLENIDETIKEVTDFEMK,0.8736,0.4571,0.8259,0.8547,0.9138,0.8991,0.8748,0.4063,0.3837,0.4749,0.5157,0.505
Rank_173,EDPAKYFSPKTLEFIKANTGLDAEQWYNIMKLISKPEFNDLNFPKYYGYCENINDGRGFRIGLFGFTTGGENDKNPTGPKLFENYAKELGEKNPSADAALKKLGINAYLDGNIIKINDSEEKFCGIIKSLQNNPEWINALFKTAYDVYLATAVAEARARGFTSALTIAALYYIALNMGATGGPETLAGLLARAGDSTDEREFMLALFDEVEKVIDNPKYNKPPNGTKAVEMFRLLVERGLLDLKDIDEAIKEVTDFEMK,0.8676,0.3992,0.8306,0.8459,0.9122,0.8828,0.8668,0.3491,0.3875,0.4245,0.3762,0.4588
Rank_174,INPEKYFNPETLKFIKENTGLNAEQWYNIMKLISKPEFNDLNFENYYGYCENINDGRGFRIGRFGFRTGGPNDQNPTGPELLKNYAEAKGEKNPSADAALKMLGINAKLKGNIIEIFDSEEKFCGKIAKLKDDPEWILAEFKTAYEQYIKYSVEQAKARGFSSAVTIGLLFFIALNMGATGGPTTLEGLLAQSGDSTDEKTFLLNLCDVAKKVIDDPKYNKPPNGTKAINMWRKLVEAGKLDLENIDEFIDEVTDFEMK,0.8688,0.475,0.8316,0.8281,0.8962,0.9101,0.8779,0.3848,0.4421,0.4702,0.5191,0.5588
Rank_175,INPEKFFCPETIKFIKENTGINAEQWYNIMRLISKPEFNDLNFEEFNGYCENINDGRGYRIGKFGFRTGGPNDQNPSGPKLFKDYAAAKGEKNPSADKALELLGINAKLEGNKIKIFDSEEEFCGKIASLKDDPEWILAQVKTAYEEYLKYSVEQARARGFTSPVFIGFLFYVALNMGATGGPTTLEGLLKQAGDSTDEKEFLLNLCDEALKVIDDPKYNKPPNGSKAIERWRKLVEAGKLDLENIDDFIDEVTDFEMK,0.8914,0.4623,0.8548,0.8877,0.9195,0.9238,0.8713,0.4562,0.4123,0.4609,0.452,0.5302
Rank_176,ENPELYFNPETLKFIKENTGINAEQFYNIMKLISKPEFNDLNWEKYNGYCEDIKDGRGFRIGRFGFRTGGPNDTNPSGPLLFKNYAAAKGEKNPSADAALKMLGINAKLEGNQIKIEDSEEKFCGIIAKLQNDPNWIFALFKTEYEQYLKIAVDLARARGFTSPVTIGLLYYIALNMGATGGPTTLEGLLARAGTSTDEREFLLALCDEVEKVIDDPRYNKPPNGSKAVQMWRDLVLAGKLDLENIEEEIKKVTDFEMK,0.841,0.4101,0.7937,0.8346,0.9014,0.8177,0.8575,0.3926,0.3551,0.4399,0.3883,0.4745
Rank_177,VNPAEYFCPEALKFIKENTGLDAEQWYNIYKLISKPEFNDLNFTKYYGYCENIGDGRGFRIGRFGFTTGGPNDQNPTGPELFRNYAAARGEEDPSADKALELLGINAELDGTQIKIHDSEEKFCGVIAKLENDPEWRLALIKTEWEVYGKYSVEQAKKRGFNSAVTIGFLYYVALNMGATGGETTLEGLLKKSGDSKDEKAFLKEFSAVVKKVIDDPKYNKPPNGTKAVQMWEDLVEKGLLDLKNIEEEIDEVTDFEMK,0.8726,0.4399,0.8065,0.8464,0.915,0.9075,0.8876,0.4161,0.3795,0.4321,0.4128,0.5589
Rank_178,INPEKYFCPESIKYIKENTGINAEQWYNIMKLISKPEFNDLNFTKYYGYCKDINDNRGYEIGLFGFTTGGPNDQNPSGPNLFKLYAKEKGEKNPSADKALELLGINAKLEGTKIKIEDSEEEFCGKIAKLKDDPEWRLALIKEAYNQYLKYAVNQAKARGFTSALTIGFLFWIALNMGATGGPETLEGLLAQSGDSTDEKEFMLKLCDEVKKVIDNPKYNKPPNGTKAVDMWRTLVEKGYLDLENIEETIKEVTDFEMK,0.8624,0.4385,0.8172,0.8387,0.8945,0.9072,0.8544,0.3853,0.4285,0.4366,0.4416,0.5007
Rank_179,IDPAKYFCPKSIAFIKENTGINAEQWYNIMKLISKPEFNDLDFHKYYGYCKNINDGRGFEIGRFGHHTGGPNDQNPTGPALFKAYAAARGEKNPSADAALKLLGINAKLVGNKIEIKDSEEKFCGIISKLKDDPNWRFALIETEYEQYIKYSVEQAKKRGFTSAVTLGALYYVALNMGATGGPTTLEGLLKQSGTSKDEKEFMLQFFDEVEKVIDDPKYNKPPNGTKAVNMWRKLVELGKLDLENIEETIKEVTDFEMK,0.8476,0.4195,0.7801,0.8347,0.8861,0.8646,0.8726,0.4274,0.304,0.4149,0.4479,0.5032
Rank_18,RDPAKNFNPETLAFIKANTGLDAEQWDNIMKLISKPEFNDTNWEKYNGYCKNINDGRGFEIGRFGFRTGGPNDQNPTGPALFTAYAAARGAAAPSADAALKALGIDASLEGNIIKINDSEEKFCGKIAALKDDPAWIHALVTTEYDQYLKYAVAQAKARGFTSALTIAFLYYIALNMGATGGPTTLEGLLAQAGDSKDEKEFLLALCDETKKVIDDPKYNKPPNGTKAVERWRKLVELGKLDLKDIDDTIDEVTDFEMK,0.9005,0.5103,0.8605,0.8837,0.9254,0.9276,0.9054,0.4271,0.4911,0.5315,0.5445,0.5572
Rank_180,IDPEKYFCPKAIEFIKKNTGINAEQWYNIMRLISKPEYNDLNFEKYYGYCENINDGRGFKIGRFGFTTGGPNDQNPSGPLLFKLYAEEKGEENPSADKALEMLGINAELEGKIIKIKDSEEEFCGKIAKLENDPEWRLALIKAEYEQYIKFSVKEAKARGFDSPLFLGTLYYIALNMGATGGETTLEGLLAKSGDSKDEKEFLKNLCKVAKEVIDDPKYNKPPNGTKAIDMWEKLNDLGKLDLENIDETIEEVTDFEMK,0.8845,0.4255,0.8515,0.8753,0.9121,0.9078,0.876,0.4211,0.3172,0.479,0.41,0.5002
Rank_181,KNPEKYFCPESLKFIKENTGLDAEQWYNIMKLISKPEFNDLDFKKYNGYCEDINDGRGYRIGRFGFRTGGPNDQNPTGPKLFKNYAAAKGEKNPSADKALELLGINAKLEGNIIKINDSKEEFCGKIKALQDDPKWIFAQIKTYYETYLKYAVDAAKARGFSSAVTIGLLTYLALNMGATGGPTTLEGLLAQSGSSTDEKEFLKNLCAVAKKVIDDPKYNKPPNGSKAIDMWEKLVEDGKLDLKNIDETIDEVTDFEMK,0.8814,0.4348,0.8595,0.8485,0.8923,0.9169,0.8897,0.3785,0.4584,0.4342,0.433,0.4697
Rank_182,INPEKYFCPEAIKFIKENTGLNAEQWYNIMKLISKPEFNDLNFPEYNGYCENINDGRGFRIGRFGFRTGGPNDQNPTGPLLFKNYAAERGEKTPSADAALKALGINARLKGNQIEVFDSEEEFCGKIAKLKDDPNWILALIKTGYDVYLKYSVEQAKARGFDSAVFIGFLYYVALNMGATGGPTTLEGLLAQSGDSKDEKEFLLNFCDVAKKVIDDPKYNKPPNGTKAVDMFRKLVEAGKLELENIDEFIEEVTDFEMK,0.8355,0.4149,0.7899,0.8181,0.892,0.8483,0.8293,0.4077,0.348,0.4103,0.4046,0.5039
Rank_183,DNPAENFCPETLAFIKANTGLDAEQWDNIMKLISKPEFNDLNYTKYNGYCENINDGRGFRIGRFGFTTGGPNDQNPTGPALFTAYAAALGAAAPSADAALAALGINARLEGTLIKIEDSEEKFCGTIAKLQNDPAWILALTRTEWAQYGATAVAQAKARGFSSAVTIGFLYYIALNMGATGGPTTLAGLLAQSGTSKDEKEFLLNLSDVVKKVIDDPKYNKPPNGTKAVERWEKLVEAGALDLKNIESLIDEVTDFEMK,0.8476,0.3976,0.7716,0.8265,0.8596,0.8932,0.8873,0.3674,0.3536,0.4385,0.4208,0.4078
Rank_184,INPEKYFCPESIKFIKENTGINAEQWANIMRLISKPEFNDLDWKKYNGYCKNINDGRGFEIGRFGFRTGGPNDQNPSGPKLFENYAKALGEKNPSADKALKKLGINAELKGNIINIKDSEEKFCGKIAALKDDPNWILALIKTEYEEYGKIAVEQAKARGFTSPVTISLLYYIALNMGATGGDTTLEGLLAKSGDSKDEKAFMLNLCDVVKEVIDDPKYNKPPNGSKAIDMWRQLVEAGKLDLENVDEFIDEVTDFEMK,0.881,0.4537,0.8306,0.8713,0.9156,0.9188,0.8687,0.4389,0.3832,0.4436,0.4589,0.5436
Rank_185,YDPASDFCPEALKFIKENTGLDAEQWANIMRLISKPEFNDLDWKKYNGYCENINDGRGFKIGRFGFTTGGPNDQNPTGPRLFKLYAEALGEANPSADKALKKLGINARLEGNIIKIEDSEEKFCGIIKKLENNPEWILALIKEEWEVYGKKAVALAKARGFTSALTIGFLFFVALNMGATGGPTTLEGLLAQSGDSTDEREWMLNFADVAKKVIDDPKYNKPPNGTKAIDMWRQLVLDGKLDLKDIDEAIDEVTDYEMK,0.8654,0.3796,0.8329,0.8319,0.8721,0.9204,0.8697,0.3784,0.2782,0.3759,0.4257,0.4401
Rank_186,SNPAENFNPETLKFIKENTGLDAEQWDNIMKLISKPEFNDLNWKDYYGYCKDIKDGRGFEIGLFGFRTGGPNDQNPSGPELFTNYAAELGEANPSADAALAKLGINASLEGNIIKINDSEEEFCGKIAKLKNDPAWRNALFKTAWEKYGKYAVEQARARGFTSAVSIGFLFFIALNMGATGGPTTLEGLLARSGDSTDEAAFLRRLADVAEEVIDDPKYNKPPNGTKAIQMFRDLVDAGKFDLVDIDDFIEEVTDFEMK,0.8922,0.4185,0.8476,0.8846,0.9188,0.9211,0.889,0.3829,0.4211,0.4171,0.4076,0.4635
Rank_187,RNPAENFCPESLKYIKENTGLNAEQWDNIMKLISKPEFNDLDWKKYNGYCENINDGRGFRIGRFGFTTGGPNDQNPTGPLLFTNYAKELGEKNPSADKALEKLGINAKTEGNIIKINDSEEEFCGKIEKLVNDPNWILALIKTEYEQYLKTAVDFAKARGFTDALTIGFLYYVALNMGATGGPTTLEGLLAQSGDSTDEKEWLRRFCEVAEQVINDPRYNKPPNGSKAIEMWRTLVDKGKLDLENIDEEIEEVTDFEMK,0.8866,0.4334,0.8359,0.8568,0.9242,0.922,0.8939,0.3768,0.3945,0.4616,0.4273,0.5067
Rank_188,ENPAENFCPETLKFIKENTGIDAEQWDNIMKLISKPEFNDLNWKNYYGYCEDIGDGRGFRIGLFGFTTGGPNDQNPSGPLLFTLYSKEKGDKNPSADKALKLLGINGKLEGTIIKIEDSKEKFCGVIAKLKDDPEWRLALFKAAYEQYLKTSVDLAKARGFTSAVTIGTLYFIALNMGATGGDTTLEGLLAKSGSSKDEKAFMLNFCDVAKTVIDDPKYNKPPNGTKAINMWRKLVEAGKLDLKNIEETIEEVTDFEMK,0.8685,0.4251,0.8297,0.8418,0.8861,0.8897,0.8953,0.3977,0.3614,0.438,0.481,0.4473
Rank_189,FNPAEDFCPEALKFIKENTGINAEQFANIMRLISKPEFNDLNFKKYNGYCKNIKDGRGFEIGRFGHRTGGPNDQNPSGPLLFKNYAKELGEENPSADAALKKLGINARLEGNKIKIFDSEEKFCGIIKKLVDNPEWILALIKTEWELYGKYSVELAKKRGFTSAVTIGLLYYIALNMGATGGETTLEGLLAKSGDSKDEKEFLLNLCKVAKEVIDDPKYNKPPNGTKAIDMFETLVEKGLLSLENIEEEIKEVTDFEMK,0.8914,0.4406,0.8389,0.8811,0.922,0.9148,0.9001,0.4098,0.3788,0.4697,0.4097,0.5352
Rank_19,INPEKYFCPETIKFIKENTGIDAEQWYNIMRLISKPEFNDLNFEKFNGYCENIGDGRGFRIGRFGFRTGGPNDQNPTGPLLFKNYAKAKGEENPSADKALELLGINARLEGNKIKIYDSEEEFCGKIKKLQNDPEWIFALFKTEWEVYGKYAVEEAKKRGFTSAVTIGLLYYIALNMGATGGPTTLEGLLAKSGDSKDEKEFLLNLCDVAKTVIDDPKYNKPPNGTKAIDMWRKLVELGKLDLKNIEETIKEVTDFEMK,0.8298,0.3769,0.8341,0.8034,0.8764,0.8149,0.8203,0.4,0.3242,0.3961,0.3491,0.4153
Rank_190,FDPAKYFSPKTNEFIKKNTGLDAEQWANIMRLISKPEFNDLNWEKYYGYCENINDGRGYRIGLFGFTTGGPNDTNPTGPKLFKLYAEEKGEKNPSADKALEMLGINAKLEGNIININDSEEKFCGKIAKLKNDPEWINALYKAAYEEYIKYAVDQAKARGFTSAVTIALLFYIALNMGATGGPTTLEGLLAQSGDSKDEKEYLLALCDVAEKVIDDPKYNKPPNGTKAIQMFRDLVLAGKLDLKNVDAFIDEVTDYEMK,0.8748,0.4473,0.8193,0.8568,0.9062,0.9166,0.8752,0.3919,0.4474,0.4431,0.4423,0.5116
Rank_191,INPEKYFCPESIKFIKENTGINAEQFYNIMKLISKPEFNDTNFEKYYGYCENINDNRGFKIGLFGFRTGGPNDQNPTGPELFKLYAEEKGEENPSADKALEMLGVNAKLVGNIIEINDSEEKFCGIIKKLVNDPEWRNALIKQAYNNYIKYAVNEAKARGFTSAVFIGFLIYLALNMGATGGDTTLAGLLAKSGTSTDEKEFLKNLMAEAKTVIDDPKYNKPPNGSKAIDMWEKLVDAGKLDLENIDDFIKEVTDFEMK,0.8692,0.4221,0.815,0.8471,0.9039,0.8994,0.8807,0.3627,0.4315,0.3997,0.4447,0.4718
Rank_192,ENPAEYFNPETLKFIKENTGINAEQAYNIMRLISKPEFNDLDFKKFYGYCENIGDGRGFRIGLFGFRTGGPNDQNPTGPLLFKEYAKERGEKNPSADKALELLGIDAKLEGNIIKINDSEEKFCGKIAKLQNDPEWINALWKTAWEVYGKYSVELAKARGFTSAVFIGLLFYIALNMGATGGETTLEGLLARSGDSKDEKEFLLRLCDEVEKVIDDPKYNKPPNGSKAIARWRRLVEDGLLDLEDVEEAIKEVTDFEMK,0.8614,0.4061,0.8092,0.8698,0.9158,0.8899,0.8223,0.4014,0.3185,0.4239,0.374,0.5129
Rank_193,TNPEKYFCPEAIKFIKENTGIDAEQWDNCMRLISKPEFNDTNWYKYNGYCEDIGDGRGFRIGRFGFRTGGPNDQNPSGPELFKLYAKEKGEENPSADKALELLGINAKLEGNQIKIFDSKEEFCGKIAKLQNDPEWILALVRAEYEQYIRYSVEQARARGFTSPVTICTLYYVALNMGATGGPTTLEGLLAQSGDSTDEKEFLLNFCDEVEKVIDDPKYNKPPNGSKAINMFRTLVLKGKLDLKNIDKEIDEVTDFEMK,0.8501,0.4993,0.8051,0.8383,0.8904,0.8824,0.8344,0.4901,0.4412,0.4927,0.4571,0.6153
Rank_194,DNPAKDFCPETLKFIKENTGLDAEQMSNIMKLISKPEFNDLDWKKYYGYCENINDGRGFKIGRFGFTTGGPNDQNPTGPLLFKNYAEAKGEKNPSADKALKLLGIDAYLDGNIIKINDSEEKFCGKIASLVNDPEWIFALFKTAYEQYLKYSVEQCKARGFTSAVAIGLLYYIALNMGATGGPTTLEGLLAQSGDSTDEKEFLLNLCDETKKVIDDPRYNKPPNGTKAIDMWRQLVLAGKLDLKNIEDFIAEVTDFEMK,0.8663,0.4119,0.8283,0.8436,0.8836,0.8941,0.8818,0.413,0.3727,0.4015,0.4017,0.4708
Rank_195,INPEKYFCPKTLEFIKENTGLDAEQWYNCMKLISKPEFNDTDFKKYNGYCENIGDGRGFRIGLFGHTTGGPNDTNPSGPKLFENYAKEKGAKNPSADLALKMLGINARLEGNKIKIFDTEEEFCGKIAKLQDDPNWIFALFKTAYENYIKYSVDQAKARGFTSALGICFLFYLALNMGATGGPTTLDGLLAQSGSSTDEKTFLKNLAEEAKKVIDNPKYNKPPNGTKAIEMFETLVEKDLLDLKNIEKEIEKVTDFEMK,0.8716,0.4283,0.8282,0.8566,0.9021,0.8927,0.8783,0.4204,0.3638,0.4,0.44,0.5174
Rank_196,IDPEKYFCPETLEFIKKNTGLNAEQWYNIMKLISKPEFNDLNFEKFYGYCEDIGDGRGFRIGRFGFRTGGPNDQNPTGPLLFKNYAAAKGEANPSADKALELLGINARLEGKQIKIFDSKEEFCGKIKSLQNDPNWILALFKTEFEEYIKYSVAEAKKRGFNSALTIGLLYYLALNMGATGGPTTLEGLLKKSGDSKDEKEFLKNLCEVAKEVIDDPKYNKPPNGSKAIDMFEKLVEKNLLNLENIEEEIEEVTDYEMK,0.8604,0.4302,0.8322,0.8476,0.8945,0.8575,0.8703,0.4139,0.3562,0.4463,0.4573,0.4772
Rank_197,RNPAEYFNPKTLEFIKANTGIDAEQLYNIMRLISKPEFNDLDFTKYYGYCENIKDNRGYRIGRFGFRTGGPNDQNPTGPLLFKLYAKEKGEKNPSADKALKILGINAKLEGKKIKIYDSEEEFCGIIKKLQNDPNWILALFKAEYEQYMKYSVAQAKARGFTSAVTIGFLYYIALNMGATGGPTTLEGLLAKSGTSTDEKEFLLNLAEEAKKVIDDPKYNKPPNGTKAINMWEQLVLDGKLDLKNIDDAIKEVTDFEMK,0.8666,0.4556,0.7947,0.8463,0.9107,0.8904,0.8907,0.4183,0.3737,0.4794,0.4583,0.5483
Rank_198,HNPAENFSPETLEFIKKNTGLNAEQWDNIMRLISKPEFNDLDWKKYWGYCEDIGDGRGFRIGLFGFRTGGPNDQNPSGPELFKEYAKAKGEKNPSADKALKLLGINAKLEGNKIKIFDSKEKFCGKIAALQNDPNWRLALVKTAYQKYLQYSVNLAKARGFTSALTIGLLFYLALNMGATGGPTTLEGLLAKSGDSTDEKEFLLNLCDEAKKVIDDPKYNKPPNGTKAIDMFRELVEKGYLDLENIDEEIKKVTDFEMK,0.8719,0.4564,0.8141,0.8519,0.905,0.9051,0.8833,0.3929,0.4728,0.4289,0.5005,0.4871
Rank_199,SNPAEDFCPETLKFIKENTGIDAEQFSNIMKLISKPEFNDLNWKNYYGYCKNIGDGRGFEIGLFRFRTGGPNDQNPSGPELFKLYAEAKGEKNPSADKALELLGIDAKLKGNIIEINDSEEKFCGKIAALKDDPEWIFALFKQAYNQYLKTSVAAAKARGFTSALFIGLLYDLALNMGATGGPTTLEGLLAKAGTSKDEKAFLKALCDEAKKVIDDPKYNKPPNGTKRIDMWRKLNDAGKWDLKNIDSFIDEVTDYEMK,0.8816,0.4468,0.8557,0.8631,0.9024,0.9173,0.8695,0.4074,0.5035,0.4322,0.4091,0.4817
Rank_2,SNPADDFCPETLKFIKENTGLDAEQWSNIMKLISKPEFNDLDWKKYNGYCENIGDGRGYRIGRFGFTTGGPNDQNPTGPLLFKNYAEAKGSKNPSADEALKLLGINARLEGNKIKIFDSEEEFCGKIAKLENDPEWIFALTKTAYEVYLKFSVDEAKARGFTSALFIGLLFYIALNMGATGGPTTLEGLLAQAGDSKDEKEFLKNLCAVAKKVIDDPKYNKPPNGTKAIEMFEKLNEDGKWDLKDIDEEIKKVTDFEMK,0.8835,0.3982,0.848,0.8731,0.9116,0.8981,0.8865,0.3943,0.3817,0.4184,0.3783,0.4186
Rank_20,TNPEKYFCPKTIEFIKENTGLNAEQWYNIMRLISKPEFNDLNFEKYYGYCENINDGRGFKIGLFGFRTGGPNDQNPTGPLLFKNYAKELGSENPSADKALEKLGINAELKGNIIKIYDSEEKFCGKIAKLQNDPNWRLALFKTAYEVYLKYAVDQAKARGFTSAVAIGLLFFIALNMGATGGPTTLEGLLAKSGSSTDEKEFLLALCAEVKKVIDDPKYNKPPNGTKAIDMWETLVKEGKLDLTNIEDTIDKVTDFEMK,0.8493,0.4169,0.7971,0.8269,0.8654,0.8934,0.8636,0.378,0.383,0.4231,0.4319,0.4683
Rank_200,IDPAKNFCPEAIKFIKENTGIDAEQWDNIMKLISKPEFNDLNWTNYYGYCENINDGRGYRIGLFGFRTGGPNDKNPTGPKLFTEYAKALGEKNPSADKALESLGINAKLEGNIIKINDSEATFCGKIASLKNDPNWRFAMIKTFWEEYGKYAVEQAKKRGFTSPVFIGLLIYLALNMGATGGDTTLEGLLAKSGNSKDEKEFLKNLCAKAKEVIDDPKYNKPPNGSKAIDMWETLVNEGKLDLKNIEETIDEVTDFEMK,0.8997,0.4377,0.8508,0.8841,0.9247,0.9304,0.9086,0.3978,0.4176,0.4489,0.4514,0.4727
Rank_21,TNPAENFSPEALKFIKENTGLNAEQWDNIMRLISKPEFNDLDWKKYYGYCENINDGRGFRIGRFGHTTGGPNDQNPTGPLLFKKYAEALGEENPSADAALKKLGINAKLEGKKIKIFDSEEKFCGIIKKLENDPNWILAQIKTEYEQYIKYSVEQAKARGFNSALTIGTLYYVALNMGATGGPTTLEGLLAKSGDSKDEKAFMKAFCAEVKKVIDDPKYNKPPNGTKAVDMWATLVDKGKLDLTGIDDEIDAVTDFEMK,0.9073,0.4835,0.8707,0.8933,0.933,0.9349,0.9045,0.4739,0.426,0.4992,0.4653,0.553
Rank_22,SNPAEDFNPKTLEFIKANTGIDAEQWANCMRLISKPEFNDLDWKKYNGYCENINDNRGYKIGRFGFTTGGPNDTNPSGPLLFKKYAEEKGEKNPSADKALEMLGINGYLDGNIIKINDSEEKFCGIIKKLENDPNWINALVKTEYEQYIKYAVEQCKARGFSSALSICFCYYVALNMGATGGATTLEGLLAQSGSSTDEKEFLKNLAAVVKTVIDDPKYNKPPNGTKAVDMFEKLVEKGALDLKDIDELIDEVTDYEMK,0.8978,0.4697,0.8606,0.869,0.9297,0.939,0.8909,0.4252,0.3758,0.4719,0.5009,0.5745
Rank_23,TNPAKYFNPKSLEFIKKNTGLDAEQWYNIMKLISKPEFNDTNFEKYNGYCENINDGRGFRIGRFGFRTGGPNDQNPTGPELFKLYAEEKGEKNPSADAAFKSLGIDAELDGNLIKINDSEEKFCGIIAKLKNDPEWINALIKQEYNNYIKYAVDQAKARGFTSALTIGLLYFLALNMGATGGDTTLEGLLAKAGDSTDEKEFLLNLCAEAKKVIDDPKYNKPPNGTLAIERFEKLVLAGKLDLKNIDKEIEEVLDFEMK,0.9,0.4989,0.8444,0.8897,0.933,0.9335,0.8994,0.4496,0.4788,0.481,0.539,0.5458
Rank_24,NNPAKYFCPETLKFIKENTGIDAEQWANIMKLISKPEFNDLNFWKYNGYCENINDGRGFRIGRFGHRTGGPNDQNPTGPKLFELYAKELGEENPSADKALEYLGINAKLEGNIIEIKDSEEKFCGIIKKLQNDPKWILALTRSEYENYIKYSVAQAKARGFTSALTIGFLYYIALNMGATGGPTTLEGLLAQSGDSKDEKEFMKNLAAEAKKVIDDPKYNKPPNGTKAVEMWETLNEKGLFDLKNIDKEIEEVTDFEMK,0.8866,0.461,0.8172,0.8739,0.9194,0.9209,0.9017,0.4561,0.3962,0.4775,0.3706,0.6045
Rank_25,IDPAKYFCPETIEFIKKNTGINAEQWYNIMKLIAKPEFNDLDFKKYYGYCEDIGDGRGYRIGLFGFRTGGPNDQNPSGPLLFKNYAEAKGEENPSADKALELLGINAKLEGNIIKIYDSKEKFCGIIAKLQDDPNWILALFKTEYEQYIKISVDLAKKRGFTSAVTIGFLYFLALNMGATGGPTTLEGLLAKSGNSKDEKEFLKNLSKVAKEVIDDPRYNKPPNGSKAISMFEKLVDAGKLDLEDIDDFIDEVTDFEMK,0.8406,0.4237,0.7917,0.8138,0.8783,0.8714,0.8477,0.4033,0.3333,0.4293,0.4404,0.5124
Rank_26,LDPAKDFCPETLAFIKENTGLDAEQLHNIMKLISKPEFNDLDWPKYYGYCENIGDGRGYRIGLFGFTTGGPNDTNPTGPLLFKNYAAALGEADPSADKALAKLGINASLSGNIITINDSEEEFCGKIAKLQDDPAWRLALFRTFWDVYGKIAVAEAKARGFTSAVTIGFLIYIALNMGATGGDTTLEGLLAKSGDSTDEKEFMLNLSEEVKKVIDDPKYNKPPNGSKAVSIFEELVKAGKLDLKNIEEFIKEVTDFEMK,0.8589,0.4026,0.7909,0.8296,0.8958,0.8921,0.886,0.3956,0.302,0.4164,0.4335,0.4652
Rank_27,SDPAKDFNPETLKFIKENTGIDAEQWDNIMKLISKPEFNDLNWKNYYGYCENINDGRGFKIGRFGFTTGGPNDQNPTGPLLFKKYAEALGDKNPSADKALKMLGINAKLEGNKIKINDSEKEFCGKIAKLKDNPEWIFALVKTEYEVYIKTAVEQAKARGFTSAVTIGLLYFLALNMGATGGPETLEGLLAQSGDSKDEKEFLKRLCDVAKKVIDNPKYNKPPNGTKAIDMFRTLVDKGKLELKNIDEEIKEVTDFEMK,0.8861,0.4247,0.8476,0.8776,0.9056,0.9076,0.892,0.4366,0.3666,0.4432,0.3889,0.488
Rank_28,LNPEKYFCPEALKYIKENTGLNAEQWYNIMRLISKPEFNDLDFEKYYGYCENINDGRGFRIGRFGFRTGGPNDQNPTGPLLFKEYAKAKGEKNPSADKALKMLGINAKLEGNKIKIFDSEEKFCGIIEKLKNDPNWILAEIKTAYEVYIKYSVAAARARGFTSPLTIALLFYLALNMGATGGPETLEGLLARSGDSTDEREFMLRLCDVAEEVIDNPKYNKPPNGSKAIAMFRQLVELGKLDLENIDETIEEVTDYEMK,0.7959,0.3972,0.7724,0.709,0.8525,0.8265,0.8192,0.4131,0.3535,0.3766,0.3555,0.4876
Rank_29,INPAEYFNKETLEFIKKNTGIDAEQWYNIMKLISKPEFNDLNFKNYNGYCENINDGRGFRIGRFGFRTGGPNDTNPSGPKLFKLYAEEKGSKNPSADEALKMLGINAKLKGNLIEIKDSEEEFCGIIEKLKNDPNWINALEKAAYEQYLKYAVAQAKARGFTSALTIGFLFYVALNMGATGGPTTLEGLLARSGDSKDEKEFLKNFCAEVKKVIDDPKYNKPPNGTKAIDMWEKLVDKGALELKNIDKLIDEVTDFEMK,0.8842,0.4372,0.8424,0.8573,0.9154,0.9225,0.8832,0.3707,0.4185,0.4007,0.4832,0.5129
Rank_3,INPAEYFCPEALKFIKENTGLDAEQWYNIMKLISKPEFNDLNWKKYYGYCENINDGRGFKIGRFGFTTGGPNDQNPSGPLLFKEYAKEKGEKNPSADKALELLGINARLEGNKIKIFDSEEEFCGKIKKLENDPKWRLALIKTEYEQYIKTAVAEAKARGFTDALTIGFLYFIALNMGATGGPTTLEGLLAKSGTSKDKKEFMLNLCKEAKKVIDDPKYNKPPNGTKAIEMFEKLVLAEKFDLKNIEEFIEEVTDYEMK,0.874,0.4504,0.8604,0.8335,0.9059,0.8976,0.8729,0.4519,0.3967,0.4594,0.3888,0.5552
Rank_30,LNPADYFCPEALAFIKENTGLDAEQWYNIMKLISKPEFNDLNFEKYNGYCENIGDGRGFRIGRFGFTTGGPNDQNPTGPALFTAYAAARGAADPSADAALAALGINARLVGTQIEIEDSEEAFCGKIAKLQNDPAWILALCRTFYDQYLKYSVDQAKARGFTSAVTIGFLTYVALNMGATGGDTTLEGLLAKSGDSKDEKEFMLKFCEEVEKVIDDPKYNKPPNGSKAVQMFRDLVLKGLLDLKDIDEEIEKVTDFEMK,0.8228,0.4033,0.7727,0.8108,0.8421,0.8125,0.8757,0.3911,0.314,0.4237,0.4176,0.4698
Rank_31,NDPAKNFCPETLKFIKENTGINAEQFDNIMKLISKPEFNDLDWKNYYGYCKNIGDGRGFEIGLFRFRTGGPNDQNPTGPLLFKNYAKARGEKNPSADKALELLGINARLEGNKIKVFDSEEKFCGIIAKLKDDPDWILALFKTFYEQYLKIAVEEAKKRGFSSALTIGFLTFIALNMGATGGDTTLEGLLAKAGDSKDEKEFMKNLAAVTKEVIDDPKYNKPPNGTKAINMWEKLNEKGLWDLENIDEAIKEVTDFEMK,0.8769,0.4309,0.8379,0.8445,0.9048,0.9213,0.8762,0.3764,0.4149,0.431,0.4336,0.4988
Rank_32,SNPAEDFCPETLEFIKKNTGLDAEQWANIMKLISKPEFNDLNWKKYYGYCENINDGRGYRIGRFGFTTGGPNDQNPYGPELFKNYAEAKGSKNPSADKALELLGINGRLEGNKIKIFDSEEKFCGVIKKLENDPNWILALEKTAYDKYLKYSVDEAKKRGFNSAVTIGFLYYIALNMGATGGPTTLEGLLKKSGDSKDEKEFMKKLMEEVEKVIDDPKYNKPPNGSKAINMFKELVEAGKLDLKNIDEEIKKVTDYEMK,0.8799,0.4066,0.8377,0.8655,0.9029,0.917,0.8764,0.4234,0.3872,0.3946,0.3644,0.4632
Rank_33,IDPAKYFNPKTLEFIKEKTGLDAEQWYNIMRLISKPEFNDLDFTKYYGYCENINDGRGFKIGLFGFRTGGPNDQNPTGPKLFKNYAEEKGSKNPSADKALELLGINAKLEGNLIKIFDSEEEFCGKIKSLENDPEWRNALVKTGYEEYLKYAVAQAKARGFNSALTIGLLYFLALNRGATGGPTTLEGLLAQAGNSTDEVEFLKNLCAVAKTVIDDPKYNKPPNGTKAIDMFQQLVDAGKLDLKDIEETIKKVTDYEMK,0.8645,0.4523,0.8281,0.8525,0.8746,0.8926,0.8746,0.4387,0.3897,0.4417,0.4491,0.5422
Rank_34,SNPAEDFCPETIEFIKKNTGIDAEQWANIMKLISKPEFNDLDYKKYYGYCENIGDNRGFRIGLFGERTGGENDQNPTGPDLFKAYAAAKGEKNPSADKALELLGINARLVGNKIEIFDSEEEFCGIIAKLKDDPEWRLALFKTFYDKYLKYSVKEAKARGFTSALFIGLLTYIALNMGATGGPTTLEGLLAQSGDSKDEKEFMKNLCAVAKKVIDDPKYNKPPNGTKAIDMWETLNEKGLFDLKNIEEEIKKVTDFEMK,0.885,0.4462,0.8339,0.8745,0.9198,0.916,0.8808,0.4444,0.3603,0.481,0.4267,0.5185
Rank_35,SNPAEDFCPEALAFIKENTGIDAEQWSNIMKLISKPEFNDLDWKKYYGYCEDINDGRGFRIGRFGFRTGGPNDQNPTGPALFTAYAAALGEADPSADKALDKLGINARLEGTKIKIFDSKETFCGKIAALQDDPAWILAEIRTAYDKYIKYAVDQAKARGFTSALTIGFLIYVALNMGATGGPTTLEGLLKQSGNSTDEKEFMLNFCDEVKKVIDDPKYNKPPNGSKAVDMWRKLVLDGKLDLKNIEKEIEEVTDFEMK,0.8688,0.4263,0.8084,0.8522,0.9087,0.9012,0.8736,0.4444,0.2498,0.437,0.4749,0.5254
Rank_36,KNPEKYFCPETLKFIKENTGIDAEQWYNIMKLISKPEFNDLNFENYYGYCENIKDGRGFKIGLFGFTTGGEKDQNPSGPLLFKLYAKEKGEENPSADKALKLLGINAKLEGKLIKINDSEEKFCGIIAKLKNDPAWRLALVKAAYEKYIKTAVDEAKARGFTSPLTIGLLIYIALNMGATGGPTTLEGLLAKSGDSKDEKEFMLNLCDEAKKVIDDPKYNKPPNGTKAINRWEELVKLGKLDLKNIDETIKEVCDYEMK,0.8694,0.4091,0.8277,0.8463,0.8755,0.9252,0.8724,0.373,0.3808,0.4371,0.4182,0.4365
Rank_37,ENPAEYFCPETLKFIKENTGIDAEQWDNIMKLISKPEFNDLNWKKYNGYCENINDGRGYKIGRFGFRTGGENDQNPTGPKLFEYYAEALGEKNPSADAALKKLGINAKLSGNVIEINDSEEKFCGIIKKLENDPNWILALTKTEYDEYIKYAVDLARKRGFTSPVFIGFLYYVALNMGATGGPTTLEGLLAKSGDSKDEKEFMLKFSEEVKKVIDDPKYNKPPNGSKAIEMFEKLVLAGKLDLKDIDEFIKEVTDFEMK,0.8934,0.4093,0.8624,0.8916,0.9227,0.8957,0.8947,0.4137,0.3607,0.4223,0.3409,0.5087
Rank_38,FNPAKNFDPETLKFIKENTGLNAEQWDNIMKLISKPEFNDLDWKKYYGYCEDIKDGRGYRIGLFGHRTGGENDKNPTGPLLFKNYAAAKGEKNPSADKALELLGINAKLEGNQIKINDSKEKFCGIIAKLKDDPEWRFALWKTAYEQYGKYSVAKAKARGFNSAVTIAFLFYLALNMGATGGETTLEGLLAKSGDSTDEKEFMLNLCAEAKKVIDDPKYNKPPNGTKAVDMFEKLVELGKLELENIEETIKEVTDFEMK,0.9042,0.4912,0.8771,0.8931,0.9207,0.9348,0.8951,0.4603,0.4678,0.4657,0.5016,0.5606
Rank_39,RNPEKNFNPETIKFIKENTGLDAEQWDNIQRLISKPEFNDLNWEKYNGYCENINDNRGFRIGRFGHRTGGPNDQNPSGPLLFKNYAKEKGEKNPSADKALEMLGINAKLEGNIIKIEDSEEKFCGIIKKLQNDPEWINALIKTEYENYMKYSVDQAKKRGFTSPLTIGALYYVALNMGATGGPTTLEGLLAQSGDSKNEKEFMLNFCKEAKKVIDDPKYNKPPNGSKAIERFEKLVEKGKLDLKNIDEEIDEVTDYEMK,0.913,0.5364,0.8882,0.9089,0.9309,0.9394,0.8979,0.4398,0.5377,0.5264,0.5605,0.6176
Rank_4,DNPAEYFNPKTLEFIKENTGIDAEQWYNIMKLISKPEFNDLDFPKYNGYCENINDGRGFRIGRFGHTTGGPNDQNPTGPLLFKNYAKEKGEKNPSADAALKMLGINAKLEGNIIKIFDSEEKFCGVIAKLKNDPNWINALVKTEYEQYIKYAVEQAKARGFTSAVDIALLYYLALNMGATGGPTTLEGLLKQSGDSKDEKEFLLNLCKVAKKVIDDPKYNKPPNGTKAVEMFEKLVEAGKFDLKDVDEFIKEVTDFEMK,0.8983,0.4783,0.8468,0.8751,0.9183,0.9374,0.914,0.4855,0.3922,0.4777,0.4451,0.591
Rank_40,ENPADNFCPESLKFIKENTGLDAEQWDNIMKLISKPEFNDLNWKKYYGYCKNINDGRGFEIGLFGFTTGGEKDTNPTGPLLFKNYAEAKGEKNPSADKALKLLGINAKLEGNKIKIFDSEEEFCGKIKKLKDDPEWIFAQIKTAYETYIKYSVDQARARGFTSAVAIGFLFYVALNMGATGGPTTLEGLLARAGDSTDEREFLLRLADVVEEVIDDPKYNKPPNGSKAVEMWRTLVEKGKLDLKDIDDLIDEVTDFEMK,0.8654,0.3845,0.8565,0.8236,0.8902,0.8947,0.8619,0.4142,0.3352,0.4104,0.3376,0.425
Rank_41,IDPAKYFNPKTLKFIKENTGLDAEQWYNIYKLISKPEFNDTNFEKYNGYCKNINDGRGFEIGRFGFRTGGPNDTNPTGPELFKNYAKEKGEKNPSADKALKLLGINAELKGTIIKINDSEEKFCGIIAKLKNDPEWINALERTAYEKYLKYAVEQAKARGFTSAVTIGFLYYIALNMGATGGDTTLEGLLAKSGDSKDEKEFMLNLAEVAKEVIDDPKYNKPPNGTKAIDMWEKLVKAGALELKNIDELIKEVTDFEMK,0.9043,0.4481,0.881,0.8849,0.9276,0.9269,0.9011,0.4252,0.4503,0.4622,0.3991,0.5039
Rank_42,TDPAKWFCPETLKFIKENTGLDAEQWANIMRLISKPEFNDLDFPKYYGYCENINDGRGFRIGLFGFTTGGPNDQNPTGPKLFTLYSKAKGSKNPSADNALKLLGINAKLKGTQIEISDSEEEFCGKIAALQNDPEWILAQFQAAYEVYIKKSVELAKARGFTSAVTIGLLFYIALNMGATGGATTLEGLLAKSGDSKDEKEFLLNLCKEVKTVIDDPKYNKPPNGTKAINMFETLVKKGKLDLKDIDEEIEKVTDFEMK,0.8538,0.4559,0.8097,0.8072,0.8776,0.8895,0.885,0.4236,0.4329,0.4606,0.4767,0.4856
Rank_43,ENPAKYFNEKTIEFIKKNTGLDAEQWYNIMKLISKPEFNDLDFSKFYGYCEDIGDNRGFRIGRFGFTTGGPNDTNPTGPELFKLYAKEKGEKNPSADKALKLLGINAKLSGNKITINDSKEEFCGKIAKLTNDPNWINAQVKAEYDKYLKKSVALAKARGFTSAVTIGLLYYIALNMGATGGPTTLEGLLAKSGDSKDEKEFLLKLCDVAKEVIDDPKYNKPPNGTKAINMWEELVKAGKLDLKNIEDEIKKVTDFEMK,0.8861,0.4565,0.8617,0.8702,0.9166,0.8887,0.8932,0.399,0.3948,0.4827,0.4991,0.5068
Rank_44,INPEKFFNPETLKFIKENTGLDAEQWYNIMKLISKPEFNDLNWENYYGYCENINDGRGYRIGRFGHRTGGENDQNPTGPKLFEKYAEEKGEKNPSADKALKLLGINAKLEGNKIKIFDSEEKFCGKIKELKDDPEWINAQVKTEYENYLKYAVDQARARGFTSAVTIALLYYIALNMGATGGDTTLEGLLAKSGDSTDEVAFLKALCAVTKEVIDDPKYNKPPNGSKAVDMFSKLVDAGLLDLKNIDEAIEEVTDFEMK,0.909,0.5216,0.8965,0.8893,0.9321,0.9235,0.9037,0.437,0.545,0.4978,0.5484,0.5798
Rank_45,MDPAKYFSPETLKYIKENTGLDAEQWANIMRLISKPEFNDLNFPKYYGYCENIGDGRGFKIGLFGFTTGGENDKNPTGPKLFKLYAEEKGEKNPSADAALKMLGIDAELKGNIIKINDSEEEFCGKIAKLQNDPNWINALFKAAYEEYIKYSVEQAKARGFTSAVTIGFLFFIALNMGATGGPTTLEGLLAKAGDSKDEKEFLLALCAEAKKVIDNPKYNKPPNGSKAIKMWETLVKKGLFDLKDIDAEIDEVTDFEMK,0.8926,0.5675,0.8754,0.8806,0.9226,0.9134,0.8707,0.5114,0.5652,0.5672,0.5664,0.6273
Rank_46,ENPAKYFCPKTLEFIKKNTGIDAEQWYNIMKLISKPEFNDLNFEEYNGYCKNINDGRGYEIGRFGFRTGGPNDQNPTGPKLFENYAKEKGEKNPSADKALELLGINAKLEGNKIKIEDSEEKFCGKIAKLKNDPNWIFALVKTEYEEYIKYAVDEARARGFTSPLAIAFLYYIALNMGATGGPTTLEGLLARAGDSTDEVAFLLDLCEEVKKVIDDPKYNKPPNGSLAIDRFRQLVLAGQLDLKNIDEFIKEVTDYEMK,0.8673,0.4024,0.829,0.8724,0.8946,0.877,0.8632,0.4258,0.3383,0.442,0.3244,0.4814
Rank_47,INPEKYFCPETIKFIKENTGIDAEQWYNIMRLISKPEFNDLNFSKYYGFCEDIGDGRGYRIGLFGFRTGGPNDQNPTGPELFKNYAAAKGEKNPSADAALKLLGINAKLEGNIIKINDSKETFCGKIAKLQNDPEWILALFKTAYEQYIKTAVDLAKARGFDSALTIGFLFFLALNMGATGGDTTLEGLLAKSGDSKDEKEFMLTLADVAKTVIDDPKYNKPPNGTKAINMWEELVKKGKLDLKDIEETIDEVTNFEMK,0.8608,0.4295,0.8492,0.8309,0.8976,0.8716,0.8549,0.4169,0.3531,0.4299,0.4562,0.4915
Rank_48,IDPAKNFCPETLKFIKENTGINAEQWDNIMKLISKPEFNDLNWEKYNGYCENINDNRGFRIGRFGFRTGGPNDQNPLGPQLFKNYAAAKGYKNPSADKALKDLGINAYLDGNIIKINDSEEKFCGIIKKLQNDPEWILALTRTAYEAYLKYSVEQARKRGFTSPVTIGFLFFLALNMGATGGPTTLEGLLAQAGDSKDEKEFLLNLCDEAEKVIDDPKYNKPPNGTKAIDMWRKLVLAGKLDLENIDEEIEKVTDFEMK,0.8574,0.3691,0.8077,0.8417,0.8773,0.8927,0.8678,0.3704,0.3373,0.3707,0.3371,0.4299
Rank_49,TNPAENFCPEALKFIKENTGIDAEQFDNIMKLISKPEFNDTDYKKYYGYCENINDGRGYRIGLFGHRTGGPNDQNPTGPALFKAYAAAKGEKNPSADAALKLLGINAKLVGNKIEIKDSEEEFCGKIAKLENDPNWRLAQIKTFWEQYGKFAVDQAKARGFSSALTLGFLLYVALNMGATGGPTTLEGLLAQSGDSTDEKEFMLNLAAVTKKVIDDPRYNKPPNGTKAVDMWERLVKAGKLDLKDIEKFIDEVTNFEMK,0.8903,0.4547,0.8542,0.8689,0.9166,0.9253,0.8864,0.4164,0.4243,0.4738,0.4708,0.4885
Rank_5,TDPAKYFNPETLKFIKENTGIDAEQWDNIMKLISKPEFNDLNWEKYNGYCENINDNRGYRIGRFGFTTGGPNDTNPTGPLLFKNYAAEKGEKNPSADKALELLGIDAKLVGNIIEINDSEEEFCGKIAKLQNDPEWINALFKTEWEVYGKYSVDQAKARGFTSPVFIGFLFYLALNMGATGGPTTLEGLLAQSGDSTDEKEFLKKLCEEAKKVIDDPKYNKPPNGTKAIDMWAQLVDAGKLDLKNIDAFIDEVTDFEMK,0.9039,0.4589,0.886,0.8834,0.9227,0.9255,0.9016,0.4349,0.383,0.4428,0.4794,0.5546
Rank_50,VNPEKNFSPKTIEFIKENTGLDAEQFDNIMRLISKPEFNDLDWKKYYGYCEDIGDGRGYKIGLFGFRTGGPNDQNPSGPLLFKNYAKEKGEKNPSADKALKLLGIDAKLEGKIIKINDSKEKFCGKIKALENDENWINALFKTMYDQYLKTAVAEAKARGFTDALTIAFLFYVALNMGATGGPTTLEGLLAQAGDSKDPKAFMLRLADEVLKVIDDPKYNKPPNGSKAIEMFRTLVEAGALDLKNIDELIDKVTDFEMK,0.8892,0.4333,0.8595,0.8791,0.9136,0.8936,0.8999,0.4032,0.3952,0.4585,0.4172,0.4921
Rank_51,YNPEKDFNPESLKFIKENTGLDAEQWANIMKLISKPEFNDLNWKKFNGYCENIGDGRGYRIGRFGFTTGGPNDQNPSGPELFKLYAKEKGEKNPSADAALKKLGINAKLEGNIIKINDSEEKFCGIIKKLENDPEWINAEIKAAYEKYIKTSVAQAKARGFTSALTIGLLFDLALNMGATGGPTTLEGLLAQSGSSTDEKEFMLRLCDVAKKVIDDPKYNKPPNGSLRIDRWRQLVLAGKLDLKDIEELIKEVTDFEMK,0.8811,0.462,0.8491,0.8726,0.9102,0.912,0.8614,0.4441,0.4396,0.4534,0.4387,0.5344
Rank_52,YDPSKYFNEETLKFIKENTGLDAEQWANIMKLISKPEFNDKNFKKYYGYCENINDGRGYKIGRFGFRTGGPNDKNPTGPLLFKLYAKEKGEKNPSAEKALKLLGINAKLEGNIIDIKDSEEKFCGIIAKLQNDPKWINALVRAEYEVYGKTAVALAKARGFTSAVAIGLLYFIALNMGATGGDTTLEGLVAKSGDSKDEKEFLKNLCAVAKEVIDDPKYNKPPNGSKAIDIWETLVDKGKLDLKNIEETIDEVTDFEMK,0.8861,0.4534,0.8511,0.8628,0.9136,0.9124,0.8909,0.4138,0.4057,0.4624,0.4927,0.4927
Rank_53,EDPAKYFCPESLEFIKKNTGLDAEQWYNIMKLISKPEFNDLNFEKYYGYCENIGDGRGFRIGRFGHRTGGPNDKNPTGPLLFTNYAAAKGEKNPSADKALKLLGIDAKLEGNIIKINDSEEKFCGIIKKLQNDPEWRFALIKTEWEVYGKKAVALAKARGFDSAVTIGLLYYIALNMGATGGDTTLEGLLAKSGDSKDEKEYLLNLCKVVKEVIDNPKYNKPPNGTKAIEMFETLVEKGLLDLKNVEEEIEEVTDFEMK,0.8735,0.4629,0.8194,0.8433,0.9182,0.888,0.8987,0.4439,0.3345,0.5152,0.4615,0.5595
Rank_54,SNPEKDFNPKTLEFIKANTGLDAEQWSNIMKLISKPEFNDLDWTKYYGYCEDIGDGRGFRIGLFGHTTGGPNDTNPTGPLLFKNYAEALGEKNPSADKALKHLGINAKLEGKIIKIEDSKEKFCGVIAKLKNNPNWIYALFKTEYEVYIKYAVDQAKARGFTSALTIGTLYYVALNMGATGGDTTLEGLLAKSGDSKDEKEFLLNFCDVVETVIDDPKYNKPPNGSKAIEMFRKLVELGKLDLKNIEETIKEVTDYEMK,0.8786,0.4326,0.8344,0.862,0.9153,0.8936,0.8875,0.3906,0.3611,0.4683,0.4808,0.462
Rank_55,ENPEKYFSPKALEFIKENTGIDAEQWYNIMKLISKPEFNDLNFEKYNGYCEDIKDGRGYKIGLFGFTTGGPNDQNPSGPELFKAYAAERGEENPSADAALKYLGINAKLEGTKIKINDSKEEFCGKIAKLKNDPEWINALIKTFYEKYLKYSVDQAKARGFSSALSIGFLTFIALNMGATGGPTTLEGLLARAGDSKDEKEFLLALCDEVEKVIDDPKYNKPPNGSKAIEMFRRLVEAGKLDLKNIDEFIEEVTDFEMK,0.8987,0.4443,0.8672,0.8807,0.9225,0.9356,0.8873,0.4049,0.4091,0.4333,0.4659,0.5083
Rank_56,SDPAKNFCPEALKYIKDNTGIDAEQWDNIMKLISKPEFNDLNYPKYNGYCKNIKDGRGFEIGRFGHRTGGPNDQNPTGPALFTAYAKAKGAENPSADKALELLGINAELKGNIIEIKDSEEEFCGKIAKLKNDPNWILAQIQTEYENYIKYAVDQCKARGFTSPVAIGLFYFIALNMGATGGDTTLEGLLAKSGDSTDEKEFLLKLCEVAKTVIDDPKYNKPPNGTKAIEMFETLVKKGLLDLKNIEKEIEEVTDYEMK,0.8975,0.4566,0.8549,0.8823,0.9226,0.9289,0.8988,0.4067,0.4573,0.4408,0.4608,0.5174
Rank_57,VNPAEYFCPETLKFIKENTGLNAEQWYNIMKLISKPEFNDLNFKKYYGYCEDIGDGRGYKIGLFGFTTGGPNDQNPTGPKLFELYAKEKGEENPSADKALELLGINAELEGNKIKIKDSKEKFCGKIAALENDPEWKLALFKAAYEEYGKYAVEQAKARGFNSAVTIGLLYYLALNMGATGGETTLEGLLAKSGDSKDEKEFLKKLCEVAKEVIDDPKYNKPPNGTKAIEMFEKLVEEGKLDLENIDEKIKEVTDFEMK,0.8994,0.457,0.8638,0.894,0.919,0.9268,0.8931,0.4433,0.387,0.4703,0.4554,0.5289
Rank_58,NNPANNFSPKAIEFIKANTGINAEQWDNIMKLISKPEFNDLNWKNYNGYCEDIGDGRGFRIGRFGFTTGGPNDTNPTGPLLFKEYAREKGAEEPSAEKALKLLGINARLVGNLIEIFDSKEEFCGKIAKLKNDPNWINALIRTEYDVYGKYAVDQARARGFTSPVTIGLLYYLALNMGATGGPTTLEGLLARAGDSTDERAFLRRLCAVAKEVIDDPKYNKPPNGTKAIDMWAQLVDAGLLDLENVDEEIDKVTDFEMK,0.8514,0.4252,0.7873,0.8336,0.8586,0.8833,0.8941,0.4295,0.3343,0.4941,0.3901,0.4779
Rank_59,TNPAENFCPETLKFIKENTGIDAEQWDNIMKLISKPEFNDLDWEKYNGYCEDINDGRGYKIGLFGFRTGGPNDQNPTGPLLFKNYAEAKGEKNPSADKALKILGINAYLDGNIIKINDSKEKFCGKIAKLKNDPNWIFALTKTFYEVYLKYSVDQAKARGFTSAVTIGLLTYLALNMGATGGPTTLEGLLAQAGTSTDEKTFLKNLCAEAKKVIDDPKYNKPPNGTLAIDRWEKLVDAGKLELENIDEEIDKVCDYEMK,0.8652,0.351,0.8553,0.8426,0.8568,0.8912,0.8798,0.3538,0.2924,0.3662,0.3606,0.3819
Rank_6,DDPAKYFCPEALKFIKANTGLNAEQWYNIMKLISKPEFNDLDFTKYYGYCENIGDGRGYRIGLFGFRTGGPNDQNPTGPELFKEYAKEKGEKNPSADAALKMLGINAKLEGNKIKIFDSEEEFCGKIAKLQNDPEWRLALIKTFYNNYLKYSVDQAKKRGFTSAVFIGFLTYVALNMGATGGPTTLEGLLAKSGDSKDEKEFMKNFCAEVKKVIDDPRYNKPPNGSKAVDMFERLVEAGKLDLENIDDFIEEVTDFEMK,0.8694,0.4588,0.803,0.8565,0.8889,0.9057,0.893,0.4471,0.4089,0.4663,0.4803,0.4916
Rank_60,INPAEDFCPETLKFVKENTGLDAEQLYNIMRLISKPEFNDLNWKKYYGYCENINDGRGFKIGLFGFRTGGPNDKNPTGPLLFKNYAEAKGEENPSADKALEILGINAKLEGNIIKISDSEEKFCGIIAKLENDPEWILALFKTAYEVYGKYSVNQAKARGFTSALTIGLLFDIALNMGATGGPTTLEGLLAQSGTSTDEKEFLKNLCDVVKKVIDDPKYNKPPNGTKRVNMWEELVNAGKLDLKNIDEFIKEVTDFEMK,0.842,0.4078,0.7881,0.8194,0.8811,0.8932,0.8281,0.3824,0.338,0.4419,0.3934,0.4835
Rank_61,VNPEKYFSPETLKFIKENTGLDAEQWYNIMKLISKPEFNDLNFTNFNGYCEDIGDGRGFRIGRFGFRTGGPNDQNPTGPKLFTNYAKEKGSKNPSADEALKLLGIDGKLEGNIIKINDSKEKFCGKIAKLKNDPNWINALVKTEYETYIKYSVDLCKKRGFSSALSIGLFYYIALNMGATGGDTTLEGLVAKSGDSKDEKEFLLNLCDVAKEVIDDPRYNKPPNGTKAIDMFRELVLKGKLDLKNIDEEIEKVTDFEMK,0.8479,0.4066,0.7902,0.7903,0.9026,0.8702,0.886,0.426,0.2616,0.4568,0.3959,0.4928
Rank_62,LNPAEYFCPETLKFIKENTGIDAEQFYNIMKLISKPEFNDLNFPKYYGYCENIGDGRGFRIGLFGFTTGGPNDQNPTGPQLFTLYAEAKGAKNPSADKALELLGINARLVGNKIEIKDSEEKFCGIIKKLQNDPEWRLALFKQAYDQYLKTAVDYAKARGFTSPVFIGFLFFLALNMGATGGPTTLEGLLKQSGSSKDEKEFMKNLAKVAKKVIDDPKYNKPPNGTKAVEMWEKLVEKGKLDLKNIEEEIKEVTDFEMK,0.8324,0.4022,0.7912,0.8094,0.8408,0.8811,0.8397,0.4082,0.3235,0.3902,0.3861,0.5031
Rank_63,LNPEKYFCPETLKFIKENTGIDAEQWYNIMRLISKPEFNDLNFTEYNGYCEDIKDGRGFRIGRFGFRTGGPNDQNPSGPLLFKLYAEAKGSENPSADKALEMLGINAKLEGNQIKIEDSKEEFCGKIAALKDDPAWILALTKAFYEKYLKYSVDQAKARGFTSPLTIGLLTYIALNMGATGGDTTLEGLLAKAGDSKDEKTFLLNLCEVAKKVIDDPKYNKPPNGTKAIQMWEDLVKKGLLDLKNIEEEIKKVTDYEMK,0.8756,0.4228,0.8277,0.8592,0.9081,0.916,0.8672,0.4317,0.3366,0.4571,0.3692,0.5193
Rank_64,ENPEKNFCPESLKFIKENTGLDAEQWDNIMKLISKPEFNDLNWKKYNGYCEDINDGRGFKIGRFGFTTGGPNDTNPSGPELFKNYAKEKGEKNPSADKALKLLGINAELEGTKIKIFDSKEKFCGIIKKLENDKNWINALIKTEYEKYIKYAVDAARARGFTSALFIGFLYYIALNMGATGGPTTLEGLLAQSGDSKDEKAFMLKLADEVEKVINNPKYNKPPNGSKAVEMWRKLNEAGKWDLKNIEDLIKEVTDFEMK,0.884,0.3863,0.8679,0.8512,0.9045,0.9205,0.8757,0.3616,0.4043,0.3923,0.3407,0.4328
Rank_65,NNPANNFNPKTLEFIKENTGLNAEQWDNIMKLISKPEFNDLNWKNYNGYCENINDGRGYRIGRFGFTTGGPNDQNPTGPKLFTLYAKEKGEKNPSADKALELLGINARLDGNKIEIFDSEEEFCGIIAKLKDDPEWINALVRAEYEQYLKYAVEQCRARGFTSPLAIGFLFFVALNMGATGGPTTLEGLLARAGDSKDEKEFLLKLAEEVKKVIDDPKYNKPPNGTKAVQMFEDLVKAGKLDLENIDETIKEVTDFEMK,0.903,0.4912,0.8439,0.8989,0.9302,0.9377,0.9047,0.4046,0.476,0.4946,0.5317,0.5492
Rank_66,INPEKYFNPETLKFIKENLGIDAEQWYNIYRLISKPEFNDLNFEKYNGYCKNINDGRGFEIGRFGFRTGGPNDTNPTGPLLFKNYAKEKGEKNPSADKALEMLGINASLEGNIIKINDSEEKFCGKIAKLKNDPNWILALEKTAYEVYMKYAKEQCLARGFTSPLFLGLCFDIALNMGATGGPTTLEGLLAQSGDSTDEKEFMLNLCAVAKKVIDDPKYNKPPNGTKRIEMWETLVKLGLLDLKNIEKEIEKVTDFEMK,0.8404,0.4174,0.8335,0.7809,0.8585,0.8837,0.8453,0.4045,0.3387,0.4149,0.4285,0.5002
Rank_67,SNPAENFCPEALKFIKENTGIGAEQWDNIMKLISKPEFNDLDWKKYNGYCENIGDGRGFRIGRFGFTTGGPNDTNPTGPALFTAYAKAKGAADPSADKALEMLGIDAKLDGTIIEIKDSEEKFCGKIKKLQDDPEWILALVETEYQQYIKYSVAQAKARGFNSPVTIALLYYIALNMGATGGETTLEGLLAKSGDSKDEKEFLKELCAEAKKVIDDPKYNKPPNGTKAIDMFEKLVDAGKLDLENVEEFIKEVTDFEMK,0.8962,0.4666,0.8297,0.8936,0.9286,0.9219,0.9071,0.4795,0.3836,0.4904,0.4221,0.5572
Rank_68,VNPEKYFNPEAIKFIKENTGLNAEQWYNIMKLISKPEFNDLDFTKYNGYCEDIGDGRGFRIGLFGFTTGGPNDTNPTGPALFKAYAAERGAADPSADKALALLGINARLEGNKIKINDSKETFCGKIAALQNDPAWINALIKTAYEQYIKYSVEQAKARGFDSAVTIAFFFFVALNMGATGGPTTLEGLLKQSGDSKDEKEFLLNFCEVTKKVIDDPKYNKPPNGTKAVEMFETLVKEGKLDLENIEETIEKVTDFEMK,0.8826,0.4486,0.8216,0.8665,0.9119,0.9123,0.9006,0.4158,0.3977,0.4341,0.4912,0.5042
Rank_69,MDPAKFFCPETLAFWKENTGLDAEQLANIMRLISKPEFNDLDFEKYYGYCEDIKDGRGFKIGLFGFRTGGPNDKNPTGPLLFKNYAAARGEKNPSADKALKALGINAKLEGNIIKINDSKEKFCGIIEKLKDDPDWILALFKTAWEVYGKYSVDQAKARGFTSAVTIGLLFYIALNMGATGGDTTLEGLLAKSGSSTDEKEFLKNLCDVVETVIDDPKYNKPPNGSKAIQMFRDLVDAGALDLKDIEALIDKVTDFEMK,0.867,0.5288,0.762,0.8422,0.9171,0.9251,0.8884,0.4489,0.5225,0.5446,0.5688,0.5589
Rank_7,TDPAKNFSPETLKFIKENTGLDAEQWDNIMKLISKPEFNDLDWKKYYGYCENINDNRGFKIGLFGHRTGGPNDQNPTGPKLFTYYAKEKGEKNPSADKALEMLGINGKLSGNIIEINDSEEKFCGKIKALENDPEWINALFKTAYDEYLKKSVALAKARGFNSALTIGLLFYIALNMGATGGPTTLEGLLAQAGDSKDEKEFLAKLCEEAKKVIDDPKYNKPPNGSKAISMFEELNKEGKFDLKNIDETIKKVTDFEMK,0.9119,0.4678,0.879,0.8915,0.9342,0.9458,0.9091,0.3968,0.4847,0.4655,0.4882,0.5036
Rank_70,RNPAEYFCPEALKFIKENTGIDAEQWYNIMRLISKPEFNDLDFPKYYGYCKNINDGRGFEIGRFGFRTGGPNDQNPTGPDLFKKYAEEKGEENPSADKALEILGINAKLEGNKIKIFDSEEEFCGKIKALENDPNWRLALIKTEYENYIKTAVAYAKARGFTSALTIGLLYYIALNMGATGGPTTLEGLLAQSGTSTDEKTFMLNLCDVVTKVIDDPKYNKPPNGTLAINRFRTLVEKGLLDLKNVDSEIEKVTDFEMK,0.8537,0.4402,0.8119,0.8418,0.8843,0.8703,0.86,0.4346,0.3862,0.4379,0.4092,0.5333
Rank_71,ENPAEYFCPESLKFIKENTGLNAEQWANIYRLISKPEFNDLNFWKFNGYCEDIGDGRGFKIGRFGFYTGGENDQNPSGPKLFKYYAEERGEANPSADAALKLLGINAKLEGNKIKINDSKETFCGKIAKLQNDPEWILALIKTEYDEYLKYSVDQAKARGFNSAVFIGLLYFIALNMGATGGPTTLEGLLARAGDSTDEKAFLLALCDEVEKVIDDPKYNKPPNGSLAINRWRTLVLAGKLDLENIDEFIDEVTDFEMK,0.8478,0.4451,0.7744,0.8687,0.8968,0.8379,0.8612,0.4392,0.377,0.4894,0.4373,0.4827
Rank_72,IDPEKYFCPETLKFIKENTGIDAEQWYNIMRLISKPEFNDLNFEKYNGYCKNIGDGRGFEIGRFGFRTGGPNDQNPSGPKLFKNYAEAKGEKEPSADKALKLLGINAKLEGNIIKIEDSEEKFCGIIEKLKNDPEWILALTKTAWEEYGAKAVALARARGFTSPVFLGLLFYIALNMGATGGPTTLEGLLAQAGDSTDEKEYLKNLCEQVKKVIDDPKYNKPPNGTKAIDMWSKLVDDGLLDLKNIEEKIKEVTDYEMK,0.857,0.3867,0.8449,0.8357,0.8821,0.8956,0.8267,0.415,0.2901,0.3956,0.3555,0.4772
Rank_73,SNPEKYFSPKTLEFIKENTGLNAEQWYNIMKLISKPEFNDLNFENYYGYCEDINDGRGFKIGLFGHRTGGPNDQNPTGPALFTAYAAEKGAASPSADKALELLGINAKLEGNIIKINDSKETFCGKIAALKNDPEWKNALFKTAYENYIKTAVDYAKARGFTSAVSIGLLIYIALNMGATGGETTLEGLLARSGDSTDEKEFLLNLCKVAEEVIDDPKYNKPPNGTKAIQMWRKLVEAGKLDLENIEEFIKEVTDYEMK,0.8838,0.4897,0.8336,0.8643,0.9269,0.9162,0.878,0.4052,0.4806,0.4714,0.5026,0.5886
Rank_74,ENPEKYFCPEAIKFIKENTGLDAEQWYNIMKLISKPEFNDLNFENYNGYCENINDDRGFRIGRFGFRTGGPKDQNPTGPKLFENYAKAKGSENPSADKALEMLGINAKLEGKVIKIFDSEEEFCGKIAKLKNDPEWILAQIKTEYDVYGKYAVDKAKARGFTSALTIGFLYYIALNMGATGGDTTLEGLLAKSGNSKDEKEYLKTLAEEAKKVINDPKYNKPPNGTKAINMWEELNEKGKFDLKNIEETIKEVTDYEMK,0.9096,0.4645,0.8953,0.8851,0.9329,0.9336,0.9011,0.4321,0.4051,0.4862,0.4431,0.5559
Rank_75,EDPAKYFNPKTLEFIKANTGIDAEQWYNIMKLISKPEFNDLNFEKYYGYCKNINDGRGFEIGRFGFRTGGPNDQNPTGPELFKNYAKEKGEKNPSADKALELLGINGELKGNKIEIKDSEEEFCGKIAKLKNDPEWINALVKTEYEQYIKYSVALAKARGFTSALTIGLLYDIALNMGATGGETTLEGLVARSGDSKDEKEWLLNLCDEAEKVIDDPRYNKPPNGTKRIERWRKLVELGKLDLKNIEEEIKKVLDYEMK,0.8808,0.4625,0.8426,0.866,0.9199,0.8996,0.8757,0.459,0.4281,0.4654,0.4716,0.4885
Rank_76,EDPAKYFSPKALAFIKANTGINAEQWYNIMKLISKPEFNDLDFKKYYGYCENINDGRGYRIGLFGFTTGGPNDQNPTGPKLFKYYAEEKGEANPSADKALELLGINAKLEGNKIKINDSEEKFCGIIAKLQDDPAWRNALIKTAYDEYIKYAKAAADARGFTSPLTLGFLFFLALNMGATGGPTTLEGLLARSGDSKDEKEWMLNLADEAKKVIDDPKYNKPPNGSKAVDMWRQLVLAGKYDLENIDEFIDEVTDFEMK,0.8804,0.4691,0.8356,0.8555,0.9074,0.9219,0.8816,0.4179,0.4282,0.4854,0.4925,0.5213
Rank_77,SNPAENFSPEALEFIKKNTGLDAEQWDNIMKLISKPEFNDLNYEKYNGYCKNINDGRGFEIGKFGFRTGGPNDQNPTGPLLFKEYAKEKGSKNPSADEALKLLGINAKLEGNIIKINDSEEEFCGKIEKLKDDPNWINALIKTAYQQYLKYAVAQAKARGFTDAVTIGLLFYIALNMGATGGPETLEGLLAQSGDSKDKKEFLKNLCAEAKKVIDNPKYNKPPNGSKAIDMWETLVNKGKLDLKNIDELIKEVTDFEMK,0.9105,0.4703,0.8965,0.8825,0.9238,0.9356,0.9143,0.4274,0.5013,0.4344,0.486,0.5024
Rank_78,MNPEKYFCPEAIEFIKKNTGLDAEQWYNIYKLISKPEFNDTNFPNYNGYCENINDGRGFQIGRFGFRTGGPNDQNPTGPKLFKLYAEAKGEKNPSADKALEILGINGKLEGNKIKIEDSEEKFCGIIKKLKNDPNWILALIKAEYENYIKYSVNQAKARGFSSPVFIGLLYYIALNMGATGGPTTLEGLLAQSGDSKDEKEFLLNLCAKAKEVIDDPRYNKPPNGTKAIDMFENLVKKGALDLKNIEDLINEVLDFEMK,0.892,0.58,0.8404,0.8847,0.9143,0.9328,0.888,0.5259,0.5472,0.5632,0.6121,0.6515
Rank_79,VNPAEYFNPEALKFIKENTGLNAEQWYNIMRLISKPEFNDLNFWKYNGYCENIGDGRGFRIGRFGFRTGGPNDTNPSGPLLFTLYAKEKGEENPSADKALEMLGINAKLVGTKIEIFDSEEKFCGIIAKLKNDPNWINAQIKAAYEQYLKYSVDQAKARGFTSALAIGLLFYLALNMGATGGPTTLEGLLAQSGDSTDEKEFLLNLCEEAKKVIDDPKYNKPPNGTKAIDMWRKLVEAGALDLENIDELIDEVTDFEMK,0.8649,0.4248,0.7983,0.8438,0.8891,0.9114,0.8821,0.3775,0.356,0.4264,0.4774,0.4865
Rank_8,VDPAKDFCPESLEFIKKNTGIDAEQWSNIMKLISKPEFNDLNWKNYYGYCENIGDGRGFRIGLFGFRTGGPNDQNPTGPQLFKEYAKAKGEENPSADKALELLGINARLEGNKIKIFDSEEKFCGVIAKLKDDPEWRLALIKTAYNQYLKYSVDQAKARGFTSAVFIGFLFFLALNMGATGGATTLEGLLAQSGTSTDEKAFLRALAAEAKKVIDDPKYNKPPNGTKAIDMWAKLVDAGKLDLKNIDDFIEEVTDFEMK,0.8663,0.4176,0.8192,0.8469,0.8924,0.9069,0.8658,0.3842,0.3797,0.4299,0.4481,0.4461
Rank_80,INPEKYFNPETLKFIKENTGIDAEQWYNIMRLISKPEFNDLNFEKYNGYCKDINDGRGFEIGRFGFRTGGPNDQNPSGPKLFKLYAEEKGEKNPSADKALKILGIDAELKGKIIKINDSEEEFCGKIAKLKNDPNWINALVKAAYEQYLKTAVAQAKARGFSSALTIAFLFYLALNMGATGGPTTLAGLLAQSGSSKDEKEFMKNLAAVAKKVIDDPKYNKPPNGTKAVDMFETLVNEGALDLKNIDELIEKVTDYEMK,0.8885,0.4325,0.8621,0.8671,0.9175,0.9036,0.8921,0.3624,0.4021,0.3962,0.4857,0.5163
Rank_81,EDPAKYFCPEALKFIKENTGIDAEQWYNIMKLISKPEFNDLDFEKYYGYCKNINDGRGFKIGLFGETTGGPNDQNPTGPELFKNYAKANGAKNPSADEALKMLGINAKLEGKIIKINDSEEEFCGKIAKLKNDPNWRLAQIKTAYEKYLKKSVELAKARGFTSALTIGLLFYIALNMGATGGPTTLEGLLARAGSSTDEKAFLAKLCAEAKKVIDDPKYNKPPNGSKAIEMFEKLNEAGKFDLKNIKEFIEEVTDFEMK,0.8941,0.4187,0.8674,0.8805,0.9137,0.9218,0.8873,0.3878,0.4186,0.4195,0.3807,0.4867
Rank_82,KDPAKNFNPETLKFIKENTGINAEQWDNIMKLISKPEFNDLNYEKYYGYCEDINDGRGFKIGRFGHRTGGPNDQNPTGPLLFKNYAKNKGSENPSADKALEMLGINAKLDGTKIKIFDSKEEFCGKIAKLKDDPNWINALIETEYEQYVKYAVEQARARGFTSPVFIGLLYFLALNMGATGGPTTLEGLLAQSGDSKDEKEFLLNLCAEAKKVIDDPKYNKPPNGTKAINMWEELVKKGLLNLENIDEEIEKVTDFEMK,0.9035,0.5087,0.8736,0.8958,0.9151,0.9279,0.9049,0.4398,0.4755,0.535,0.5061,0.5872
Rank_83,INPEKYFCPETLKFIKENTGIDAEQWFNIMKLISKPEFNDTEFWKYYGYCEDIGDGRGFRIGLFGFRTGGPNDTNPSGPRLFTLYAKAKGAANPSADAALAALGINAKLVGNVIEVKDSKEEFCGKIAALKDDPEWILALFQAAYEEYIKYSVDQAKKRGFTSALTIGLLFYVALNMGATGGPTTLEGLLAQSGDSTDEKEFMLKFCDVAKKVIDDPKYNKPPNGTKAIDMFETLVKKGLTDLKNIDEEIEKVTDFEMK,0.8467,0.4368,0.8093,0.8339,0.8827,0.8516,0.8561,0.4057,0.3718,0.4395,0.4716,0.4953
Rank_84,INPEKYFCPETIKFIKENTGINAEQLDNIMKLISKPEFNDLNWEKFYGYCENINDGRGFKIGRFGHRTGGPNDQNPTGPKLFKNYAEALGEKNPSADKALEKLGINAKLVGNIIEIKDSEEEFCGKIAKLKNDPNWILALFKTEYENYWKYSVDQARARGFTSPLTLGLLYYLALNMGATGGPETLEGLLAQSGDSTDEKEFLLQLCEVAKKVIDNPKYNKPPNGSKAIDMWEKLVKAGKLNLENIDEFIEEVTNFEMK,0.8748,0.4315,0.8083,0.8701,0.9115,0.9203,0.8638,0.4097,0.355,0.4451,0.4625,0.4851
Rank_85,FDPAKWFNPETLKFIKENTGLDAEQLANIYRLISKPEFNDLDFPKYNGYCENIGDGRGFRIGRFGFTTGGPNDQNPTGPKLFKNYAAEKGEKNPSADKALEMLGINAKLKGNKIEIFDSEEEFCGKIAELQNDPNWINALFKTEWEEYGKIAVEQARARGFNSAVSIGLLYYIALNMGATGGPTTLEGLLAQSGDSTDEREFLLNLCDEAEKVIDDPKYNKPPNGTKAIEMWRTLVERGLLDLKGIDAAIEEVTDFEMK,0.8766,0.4311,0.8327,0.8715,0.9078,0.9081,0.863,0.4553,0.3685,0.4684,0.3796,0.4835
Rank_86,IDPAKYFCPETLAFIKANTGLDAEQWYNIYKLISKPEFNDTDFWKYNGYCEDINDGRGFRIGRFGFTTGGPNDQNPTGPALFTAYAAALGAADPSADAALKALGINGRLEGNIIKIFDSKEEFCGVIAKLKDDPAWILALTRTEYDQYIKTAVDLAKARGFTSAVFIAFLYFLALNMGATGGPETLEGLVARSGDSKDEKEFMKKLCEEAKKVIDNPKYNKPPNGTKAIDMFRTLVDLGKLDLRNIDETIKEVTDFEMK,0.8269,0.3587,0.7805,0.8036,0.8772,0.8335,0.8399,0.3539,0.2762,0.3904,0.3555,0.4176
Rank_87,YDPAKDFNPKTLEFWKANSGLNAEQLANIMRLISKPEFNDLNWKEYYGYCEDIGDGRGFRIGLFGHTTGGPNDQNPTGPLLFTNYAKEKGEKNPSADAALKLLGINARLKGNIIEIEDSEEEFCGKIAALKDDPNWINAQFRTAWEQYGKYAVEQAKARGFTSALFIGFLFYIALNMGATGGATTLEGLLKQSGTSTDEKAFLKELAAVAKKVIDDPKYNKPPNGSKAIDMWSTLNDKGKFDLTNIDEEIDEVTDFEMK,0.895,0.4359,0.8817,0.8567,0.9194,0.9174,0.8997,0.373,0.4333,0.4474,0.4692,0.4565
Rank_88,INPEKYFCPETLKFIKENTGIDAEQWYNIMKLISKPEFNDLNFEKYNGYCENINDGRGFRIGKFGFTTGGPNDQNPTGPALFTAYAAAKGEENPSADKALELLGINARLKGNIIEIEDSEEKFCGKIAKLQNDPEWILALVKTGYEQYLKYAVEQAKARGFKSALTIGLLYFIALNMGATGGPDTLEGLLAQSGDSKDEKEFLKNLCKVAKKVIDDPRYNKPPNGTKAIEMFEKLVEKGKLDLKNIDKTIEEVTDFEMK,0.8616,0.399,0.8169,0.8278,0.8936,0.8953,0.8743,0.4006,0.3127,0.3986,0.3874,0.4955
Rank_89,HNPAENFNPETLKFIKENTGINAEQFDNIMKLISKPEFNNLDWKEFYGYCENINDGRGFKIGLFGFRTGGPNDQNPTGPLLFKNYAKEKGEENPSADKALELLGINAKLEGKLIKIFDSEEEFCGKIAKLKNDPNWILALFKTAYEQYLKYAVEQARARGFTSAVFIGLLFYIALNMGATGGEETLEGLLAKAGDSKDEKEFLLRLCEVAKKVIDNPKYNKPPNGSKAIDMFEKLVKAGKLDLTNIEKFIEEVTDFEMK,0.8856,0.4368,0.8387,0.8772,0.9105,0.9096,0.8919,0.3891,0.4373,0.4336,0.4481,0.4758
Rank_9,ENPEKYFCPEALKFIKENTGLDAEQWDNIMKLISKPEFNDLNWKKYYGYCEDIKDGRGYKIGRFGHRTGGPNDQNPTGPLLFKEYAKARGEKNPSADKALKLLGIDGKLEGTKIEIKDSKEKFCGIIKKLENDPEWILAQIKTEYEVYLKYAVEKAKARGFTSALTIGLLYYIALNMGATGGPTTLEGLLAKAGTSTDEKAFLKNLCAEVKKVINDPKYNKPPNGSKAIDMWEKLNDAGKLDLKNIDEFIKEVTDYEMK,0.9092,0.4819,0.8921,0.8774,0.9337,0.9407,0.9023,0.4054,0.5206,0.4726,0.4727,0.5382
Rank_90,MNPEKYFSPKALEFIKKNLGIDAEQFANIMRLISKPEFNDTDFTKYNGYCEDIKDGRGFRIGRFGHRTGGPNDQNPTGPKLFKAYAEEKGAKNPSADKALELLGINARLEGNIIKVEDSKEEFCGKIAKLQNDPEWINALIKTEYENYLKYAKEQALARGFTSAVTLGLLYYLALNMGATGGETTLEGLLARAGDSTDEKEFLLNLCKVAKEVIDDPKYNKPPNGTKAVSMWEELVEKDLLDLKNIDDEIERVTDFEMK,0.9078,0.6659,0.8596,0.9057,0.9463,0.9502,0.8773,0.6125,0.6536,0.6451,0.6654,0.7532
Rank_91,INPAEYFCPEALTFIKENTGLNAEQWYNIMRLISKPEFNDLNFENYNGYCENIKDGRGFRIGKFGFTTGGPNDQDPTGPLLFKNYAKALGEKNPSADKALEKLGINAKLKGKKIEIKDSEEKFCGIIKKLKNDPEWILALIKTAYEQYIKYAVDQCKARGFTSAVAIGLLTWIALNMGATGGPTTLEGLLKQAGDSTDEKEFLLALCAEAEKVIDDPKYNKPPNGSLAVNMFKKLVEAGKLDLENIDEFIKEVTDFEMK,0.8537,0.3987,0.8379,0.81,0.8823,0.9,0.8382,0.362,0.369,0.3866,0.4057,0.4704
Rank_92,INPAEYFNPETLKFIKENTGLDAEQWYNIMRLISKPEFNDLNFPKYNGYCKNIGDGRGFEIGLFGERTGGPNDQNPTGPELFKAYAAAKGEENPSADKALEILGINAKLEGNIIEIKDSEEKFCGIIEKLQNDPEWILAQVKTAYERYVKTAVEQARARGFTSPLFIGALIWVALNMGATGGPTTLEGLLAKSGDSTDEKEFMKKFFEEVKKVIDDPKYNKPPNGTKAVNMFSTLVEKGKLDLKNIEEFIKEVTDFEMK,0.8925,0.4357,0.8698,0.8799,0.9171,0.9266,0.8689,0.4001,0.4129,0.4253,0.41,0.5302
Rank_93,MNPEKWFCPEAIKFIKENTGINAEQFANIMRLISKPEFNDLDFPKYNGYCKNINDGRGFEIGRFGFRTGGPNDQNPTGPKLFENYAAAKGEEDPSADKALEILGINAKLEGNIIKIFDSEEEFCGKIAALENDPEWILALIKTEWEEYGKYAVDQAKARGFTSAVTIGFLFYVALNMGATGGDTTLEGLLAKSGNSKDEKEFLKNFCAEVKTVIDNPKYNKPPNGTKAVQMWEDLVEKGALDLEDIDELINEVTDFEMK,0.9107,0.6126,0.8763,0.9059,0.9441,0.9426,0.8844,0.5331,0.6321,0.5717,0.6252,0.701
Rank_94,RNPAKNFCPEALKFIKENTGIDAEQLDNIMRLISKPEFNDLDWPKYNGYCENINDGRGFKIGRFGFRTGGPNDQNPSGPELFKAYAKALGEKNPSADNALKKLGINGRLEGNIIKIEDSEEKFCGIIEKLENDPNWILALFTTEYEKYLKYSVDQAKARGFTSPLTIGFLYYVALNMGATGGPTTLDGLLARSGDSTDEREFMLRFCDVVEEVIDDPKYNKPPNGTLAVERFRRLVEAGKLDLKNIEDFIEEVCDFEMK,0.8365,0.359,0.7688,0.8078,0.8697,0.8795,0.857,0.3716,0.2329,0.3995,0.3439,0.4473
Rank_95,ENPEKYFCPEALKFIKENTGLNAEQWANIMKLISKPEFNDLNWEKYNGYCENINDGRGFRIGRFGHRTGGPNDQNPTGPELFKLYAEEKGEKNPSADKALELLGINARLEGNIIKIEDSEEKFCGIIAKLKNDEKWILALIKSEYENYIKYAVAQAKARGFTSALSIGFLYYIALNMGATGGATTLDGLLAQSGTSTDEKEFMAKLAAETKKVIDDPKYNKPPNGTKAIDMWEQLNKKGLTDLENINEEIDEVTDYEMK,0.8995,0.4629,0.8893,0.874,0.9311,0.9289,0.8743,0.3792,0.52,0.4351,0.4914,0.4886
Rank_96,IDPAKYFCPETLKFIKENTGIDAEQFYNIMRLISKPEFNDTNFENYYGYCKNINDGRGYEIGLFGFRTGGPNDQNPTGPKLFELYAKEKGESNPSADKALEMLGINAKLEGNIIKIFDSEEKFCGIIAKLKNDPNWINALFKAAYEVYGKYSVDQAKARGFTSALFIGLLFYIALNMGATGGPTTLDGLLAKSGNSTDEKTFMKNLCAEAKKVIDDPKYNKPPNGTKAIEMFEKLNDAGKLDLKNIDEFIDEVTDFEMK,0.874,0.3971,0.8228,0.8507,0.9018,0.9081,0.8863,0.3389,0.3726,0.4027,0.4138,0.4573
Rank_97,INPASYFCPETLKFIKENTGLDAEQMYNIMKLISKPEFNDLNFKNYYGYCENINDGRGFRIGLFGFRTGGPNDQNPTGPELFKLYAEAKGEENPSADKALELLGINAKLEGNIIKINDSEEKFCGIIAKLKDDPDWILAMWKAFYEKYLKYAVDQAKARGFSSAVTIGLLTYIALNMGATGGPTTLEGLLAKSGTSKNEKEFLLALCAEVKKVIDDPKYNKPPNGTKAIDMWEELVLAGKLELKNIDEFIKKVTDFEMK,0.8463,0.4031,0.8102,0.8333,0.8836,0.8921,0.8121,0.3927,0.3304,0.4122,0.3946,0.4859
Rank_98,INPEKYFNPKTIEFIKKNTGLNAEQWYNCMKLISKPEFNDLDFKKYYGYCKNINDGRGYEIGRFGFTTGGPNDQNPSGPKLFKYYAEEKGEKDPSADKALEILGINARLEGNIIKIEDSEEEFCGKIEKLKDDPEWINALVKTEYDEYLKYSVEQAKARGFTSPVTICLLYYLALNMGATGGPDTLEGLLARSGNSTDEKEFMLNLCEVAKEVIDDPKYNKPPNGTKAIDMFETLVKKGALNLENIDKLIDEVTDFEMK,0.8967,0.4799,0.8514,0.8886,0.9277,0.9209,0.8949,0.4441,0.4243,0.4767,0.4927,0.5617
Rank_99,EDPEKYFCPETLKFIKENTGIDAEQFANIMKLISKPEFNDLDWTKYYGYCENIGDGRGFRIGLFGFTTGGPNDQNPTGPLLFKEYAKALGEENPSADKALEILGIDAKLEGNIIKINDSEEKFCGIIEKLVNDPNWRLALFKTAYETYLKYAVDKAKARGFTSPLTIAFLFYVALNMGATGGPTTLDGLLAQSGDSKDEKEFLANFCKVVKKVIDDPKYNKPPNGTKAVKMFEDLNKAGKFDLKNIEEEIKKVTDFEMK,0.8639,0.4247,0.8494,0.859,0.8729,0.8557,0.8824,0.4192,0.3625,0.4579,0.4072,0.4769
