File Name,RMSD,TM-Score
rank_100_rank_1.pdb,0.53,0.99215
rank_100_rank_2.pdb,0.56,0.99139
rank_100_rank_3.pdb,0.64,0.98894
rank_100_rank_4.pdb,0.85,0.98103
rank_100_rank_5.pdb,0.89,0.97887
rank_101_rank_1.pdb,0.68,0.98748
rank_101_rank_2.pdb,0.69,0.98707
rank_101_rank_3.pdb,0.97,0.97611
rank_101_rank_4.pdb,0.99,0.97478
rank_101_rank_5.pdb,0.85,0.98124
rank_102_rank_1.pdb,0.60,0.99023
rank_102_rank_2.pdb,0.50,0.99299
rank_102_rank_3.pdb,0.67,0.98803
rank_102_rank_4.pdb,0.71,0.98647
rank_102_rank_5.pdb,0.83,0.98213
rank_103_rank_1.pdb,0.52,0.99239
rank_103_rank_2.pdb,0.53,0.99234
rank_103_rank_3.pdb,0.66,0.98802
rank_103_rank_4.pdb,0.64,0.98863
rank_103_rank_5.pdb,0.67,0.98794
rank_104_rank_1.pdb,0.77,0.98402
rank_104_rank_2.pdb,0.81,0.98240
rank_104_rank_3.pdb,1.16,0.96580
rank_104_rank_4.pdb,1.02,0.97284
rank_104_rank_5.pdb,1.28,0.95843
rank_105_rank_1.pdb,1.00,0.97304
rank_105_rank_2.pdb,1.04,0.97102
rank_105_rank_3.pdb,1.17,0.96438
rank_105_rank_4.pdb,1.08,0.96893
rank_105_rank_5.pdb,1.21,0.96244
rank_106_rank_1.pdb,0.56,0.99148
rank_106_rank_2.pdb,0.60,0.99028
rank_106_rank_3.pdb,0.84,0.98123
rank_106_rank_4.pdb,0.90,0.97853
rank_106_rank_5.pdb,0.83,0.98188
rank_107_rank_1.pdb,0.68,0.98736
rank_107_rank_2.pdb,0.74,0.98519
rank_107_rank_3.pdb,0.94,0.97711
rank_107_rank_4.pdb,1.04,0.97225
rank_107_rank_5.pdb,1.05,0.97182
rank_108_rank_1.pdb,0.57,0.99112
rank_108_rank_2.pdb,0.60,0.98988
rank_108_rank_3.pdb,0.94,0.97679
rank_108_rank_4.pdb,1.01,0.97325
rank_108_rank_5.pdb,0.99,0.97400
rank_109_rank_1.pdb,0.51,0.99280
rank_109_rank_2.pdb,0.50,0.99311
rank_109_rank_3.pdb,0.72,0.98610
rank_109_rank_4.pdb,0.71,0.98652
rank_109_rank_5.pdb,0.64,0.98881
rank_10_rank_1.pdb,0.56,0.99132
rank_10_rank_2.pdb,0.56,0.99132
rank_10_rank_3.pdb,0.77,0.98412
rank_10_rank_4.pdb,0.71,0.98646
rank_10_rank_5.pdb,0.64,0.98886
rank_110_rank_1.pdb,0.54,0.99203
rank_110_rank_2.pdb,0.51,0.99286
rank_110_rank_3.pdb,0.64,0.98882
rank_110_rank_4.pdb,0.64,0.98867
rank_110_rank_5.pdb,0.78,0.98496
rank_111_rank_1.pdb,0.63,0.98920
rank_111_rank_2.pdb,0.60,0.99002
rank_111_rank_3.pdb,0.74,0.98515
rank_111_rank_4.pdb,0.69,0.98686
rank_111_rank_5.pdb,0.85,0.98109
rank_112_rank_1.pdb,1.09,0.96963
rank_112_rank_2.pdb,0.71,0.98603
rank_112_rank_3.pdb,0.81,0.98230
rank_112_rank_4.pdb,1.01,0.97328
rank_112_rank_5.pdb,0.97,0.97503
rank_113_rank_1.pdb,0.70,0.98690
rank_113_rank_2.pdb,0.72,0.98584
rank_113_rank_3.pdb,1.14,0.96630
rank_113_rank_4.pdb,1.00,0.97372
rank_113_rank_5.pdb,1.09,0.96925
rank_114_rank_1.pdb,0.73,0.98567
rank_114_rank_2.pdb,0.74,0.98543
rank_114_rank_3.pdb,0.78,0.98355
rank_114_rank_4.pdb,0.81,0.98232
rank_114_rank_5.pdb,0.80,0.98312
rank_115_rank_1.pdb,0.77,0.98368
rank_115_rank_2.pdb,0.80,0.98253
rank_115_rank_3.pdb,1.01,0.97357
rank_115_rank_4.pdb,1.12,0.96751
rank_115_rank_5.pdb,0.94,0.97694
rank_116_rank_1.pdb,0.51,0.99280
rank_116_rank_2.pdb,0.47,0.99393
rank_116_rank_3.pdb,0.62,0.98957
rank_116_rank_4.pdb,0.76,0.98473
rank_116_rank_5.pdb,0.68,0.98747
rank_117_rank_1.pdb,0.77,0.98391
rank_117_rank_2.pdb,0.98,0.97421
rank_117_rank_3.pdb,1.08,0.96988
rank_117_rank_4.pdb,1.22,0.96205
rank_117_rank_5.pdb,1.22,0.96234
rank_118_rank_1.pdb,0.41,0.99539
rank_118_rank_2.pdb,0.42,0.99508
rank_118_rank_3.pdb,0.66,0.98849
rank_118_rank_4.pdb,0.58,0.99079
rank_118_rank_5.pdb,0.63,0.98893
rank_119_rank_1.pdb,0.72,0.98584
rank_119_rank_2.pdb,0.68,0.98748
rank_119_rank_3.pdb,0.79,0.98325
rank_119_rank_4.pdb,0.73,0.98538
rank_119_rank_5.pdb,0.81,0.98327
rank_11_rank_1.pdb,0.79,0.98304
rank_11_rank_2.pdb,0.77,0.98398
rank_11_rank_3.pdb,1.00,0.97353
rank_11_rank_4.pdb,0.98,0.97445
rank_11_rank_5.pdb,1.01,0.97287
rank_120_rank_1.pdb,0.70,0.98671
rank_120_rank_2.pdb,0.86,0.98005
rank_120_rank_3.pdb,1.04,0.97130
rank_120_rank_4.pdb,0.98,0.97429
rank_120_rank_5.pdb,0.92,0.97718
rank_121_rank_1.pdb,0.66,0.98805
rank_121_rank_2.pdb,0.79,0.98333
rank_121_rank_3.pdb,0.87,0.97991
rank_121_rank_4.pdb,0.87,0.97953
rank_121_rank_5.pdb,0.74,0.98526
rank_122_rank_1.pdb,0.66,0.98822
rank_122_rank_2.pdb,0.65,0.98872
rank_122_rank_3.pdb,0.85,0.98090
rank_122_rank_4.pdb,0.78,0.98352
rank_122_rank_5.pdb,0.79,0.98320
rank_123_rank_1.pdb,0.55,0.99175
rank_123_rank_2.pdb,0.50,0.99315
rank_123_rank_3.pdb,0.83,0.98208
rank_123_rank_4.pdb,0.74,0.98512
rank_123_rank_5.pdb,0.67,0.98787
rank_124_rank_1.pdb,0.63,0.98910
rank_124_rank_2.pdb,0.62,0.98932
rank_124_rank_3.pdb,0.76,0.98446
rank_124_rank_4.pdb,0.84,0.98174
rank_124_rank_5.pdb,0.77,0.98402
rank_125_rank_1.pdb,0.54,0.99192
rank_125_rank_2.pdb,0.57,0.99088
rank_125_rank_3.pdb,0.70,0.98653
rank_125_rank_4.pdb,0.72,0.98620
rank_125_rank_5.pdb,0.82,0.98248
rank_126_rank_1.pdb,0.65,0.98851
rank_126_rank_2.pdb,0.71,0.98618
rank_126_rank_3.pdb,0.90,0.97903
rank_126_rank_4.pdb,0.76,0.98470
rank_126_rank_5.pdb,0.82,0.98218
rank_127_rank_1.pdb,0.61,0.98957
rank_127_rank_2.pdb,0.84,0.98103
rank_127_rank_3.pdb,0.67,0.98766
rank_127_rank_4.pdb,0.84,0.98126
rank_127_rank_5.pdb,0.91,0.97799
rank_128_rank_1.pdb,0.53,0.99223
rank_128_rank_2.pdb,0.52,0.99257
rank_128_rank_3.pdb,0.77,0.98375
rank_128_rank_4.pdb,0.77,0.98375
rank_128_rank_5.pdb,0.69,0.98688
rank_129_rank_1.pdb,0.63,0.98900
rank_129_rank_2.pdb,0.59,0.99057
rank_129_rank_3.pdb,0.77,0.98410
rank_129_rank_4.pdb,0.66,0.98810
rank_129_rank_5.pdb,0.78,0.98360
rank_12_rank_1.pdb,0.55,0.99173
rank_12_rank_2.pdb,0.54,0.99197
rank_12_rank_3.pdb,0.75,0.98501
rank_12_rank_4.pdb,0.81,0.98248
rank_12_rank_5.pdb,0.65,0.98846
rank_130_rank_1.pdb,0.75,0.98495
rank_130_rank_2.pdb,0.83,0.98133
rank_130_rank_3.pdb,1.01,0.97392
rank_130_rank_4.pdb,0.99,0.97513
rank_130_rank_5.pdb,0.95,0.97668
rank_131_rank_1.pdb,0.59,0.99032
rank_131_rank_2.pdb,0.63,0.98907
rank_131_rank_3.pdb,0.74,0.98503
rank_131_rank_4.pdb,0.75,0.98482
rank_131_rank_5.pdb,0.74,0.98508
rank_132_rank_1.pdb,0.82,0.98198
rank_132_rank_2.pdb,0.89,0.97886
rank_132_rank_3.pdb,0.92,0.97761
rank_132_rank_4.pdb,0.81,0.98235
rank_132_rank_5.pdb,0.75,0.98501
rank_133_rank_1.pdb,0.66,0.98825
rank_133_rank_2.pdb,0.68,0.98751
rank_133_rank_3.pdb,0.90,0.97823
rank_133_rank_4.pdb,0.90,0.97866
rank_133_rank_5.pdb,0.78,0.98351
rank_134_rank_1.pdb,0.93,0.97689
rank_134_rank_2.pdb,0.97,0.97507
rank_134_rank_3.pdb,1.20,0.96275
rank_134_rank_4.pdb,1.23,0.96126
rank_134_rank_5.pdb,1.13,0.96662
rank_135_rank_1.pdb,0.58,0.99065
rank_135_rank_2.pdb,0.58,0.99063
rank_135_rank_3.pdb,0.70,0.98654
rank_135_rank_4.pdb,0.69,0.98706
rank_135_rank_5.pdb,0.77,0.98376
rank_136_rank_1.pdb,0.81,0.98224
rank_136_rank_2.pdb,0.75,0.98455
rank_136_rank_3.pdb,0.93,0.97662
rank_136_rank_4.pdb,1.16,0.96437
rank_136_rank_5.pdb,0.96,0.97642
rank_137_rank_1.pdb,0.70,0.98668
rank_137_rank_2.pdb,0.73,0.98572
rank_137_rank_3.pdb,0.98,0.97593
rank_137_rank_4.pdb,1.00,0.97370
rank_137_rank_5.pdb,0.72,0.98584
rank_138_rank_1.pdb,0.90,0.97843
rank_138_rank_2.pdb,0.92,0.97759
rank_138_rank_3.pdb,1.00,0.97380
rank_138_rank_4.pdb,0.94,0.97655
rank_138_rank_5.pdb,0.95,0.97597
rank_139_rank_1.pdb,1.42,0.94920
rank_139_rank_2.pdb,1.13,0.96645
rank_139_rank_3.pdb,1.16,0.96506
rank_139_rank_4.pdb,1.49,0.94415
rank_139_rank_5.pdb,1.64,0.92640
rank_13_rank_1.pdb,0.76,0.98448
rank_13_rank_2.pdb,0.69,0.98705
rank_13_rank_3.pdb,0.97,0.97535
rank_13_rank_4.pdb,1.08,0.96966
rank_13_rank_5.pdb,0.97,0.97496
rank_140_rank_1.pdb,0.91,0.97779
rank_140_rank_2.pdb,0.96,0.97524
rank_140_rank_3.pdb,1.11,0.96816
rank_140_rank_4.pdb,1.12,0.96730
rank_140_rank_5.pdb,1.27,0.95942
rank_141_rank_1.pdb,0.71,0.98749
rank_141_rank_2.pdb,0.74,0.98623
rank_141_rank_3.pdb,0.86,0.98255
rank_141_rank_4.pdb,0.95,0.97767
rank_141_rank_5.pdb,1.04,0.97202
rank_142_rank_1.pdb,0.83,0.98136
rank_142_rank_2.pdb,0.79,0.98284
rank_142_rank_3.pdb,1.33,0.95557
rank_142_rank_4.pdb,1.19,0.96418
rank_142_rank_5.pdb,1.13,0.96675
rank_143_rank_1.pdb,0.58,0.99077
rank_143_rank_2.pdb,0.57,0.99103
rank_143_rank_3.pdb,0.72,0.98592
rank_143_rank_4.pdb,0.75,0.98463
rank_143_rank_5.pdb,0.70,0.98639
rank_144_rank_1.pdb,0.88,0.97946
rank_144_rank_2.pdb,0.99,0.97436
rank_144_rank_3.pdb,1.10,0.96892
rank_144_rank_4.pdb,1.14,0.96682
rank_144_rank_5.pdb,1.13,0.96705
rank_145_rank_1.pdb,0.54,0.99198
rank_145_rank_2.pdb,0.51,0.99273
rank_145_rank_3.pdb,0.71,0.98639
rank_145_rank_4.pdb,0.56,0.99119
rank_145_rank_5.pdb,0.60,0.99002
rank_146_rank_1.pdb,0.50,0.99292
rank_146_rank_2.pdb,0.55,0.99166
rank_146_rank_3.pdb,0.68,0.98744
rank_146_rank_4.pdb,0.65,0.98842
rank_146_rank_5.pdb,0.77,0.98404
rank_147_rank_1.pdb,0.59,0.99038
rank_147_rank_2.pdb,0.57,0.99096
rank_147_rank_3.pdb,0.76,0.98466
rank_147_rank_4.pdb,0.78,0.98364
rank_147_rank_5.pdb,0.74,0.98535
rank_148_rank_1.pdb,0.83,0.98119
rank_148_rank_2.pdb,0.92,0.97742
rank_148_rank_3.pdb,1.06,0.96989
rank_148_rank_4.pdb,0.94,0.97613
rank_148_rank_5.pdb,0.84,0.98074
rank_149_rank_1.pdb,0.59,0.99064
rank_149_rank_2.pdb,0.58,0.99082
rank_149_rank_3.pdb,0.69,0.98723
rank_149_rank_4.pdb,0.68,0.98738
rank_149_rank_5.pdb,0.77,0.98456
rank_14_rank_1.pdb,0.85,0.98054
rank_14_rank_2.pdb,0.89,0.97876
rank_14_rank_3.pdb,0.93,0.97720
rank_14_rank_4.pdb,1.05,0.96340
rank_14_rank_5.pdb,1.20,0.95440
rank_150_rank_1.pdb,0.60,0.99007
rank_150_rank_2.pdb,0.58,0.99085
rank_150_rank_3.pdb,0.93,0.97724
rank_150_rank_4.pdb,0.76,0.98418
rank_150_rank_5.pdb,0.83,0.98151
rank_151_rank_1.pdb,0.65,0.98844
rank_151_rank_2.pdb,0.69,0.98692
rank_151_rank_3.pdb,0.78,0.98361
rank_151_rank_4.pdb,0.80,0.98262
rank_151_rank_5.pdb,0.71,0.98618
rank_152_rank_1.pdb,0.59,0.99033
rank_152_rank_2.pdb,0.66,0.98818
rank_152_rank_3.pdb,0.72,0.98614
rank_152_rank_4.pdb,0.71,0.98620
rank_152_rank_5.pdb,0.60,0.99022
rank_153_rank_1.pdb,0.56,0.99136
rank_153_rank_2.pdb,0.55,0.99157
rank_153_rank_3.pdb,0.64,0.98898
rank_153_rank_4.pdb,0.67,0.98811
rank_153_rank_5.pdb,0.62,0.98948
rank_154_rank_1.pdb,0.64,0.98868
rank_154_rank_2.pdb,0.63,0.98922
rank_154_rank_3.pdb,0.95,0.97642
rank_154_rank_4.pdb,0.90,0.97837
rank_154_rank_5.pdb,0.98,0.97503
rank_155_rank_1.pdb,0.61,0.98979
rank_155_rank_2.pdb,0.62,0.98938
rank_155_rank_3.pdb,0.73,0.98527
rank_155_rank_4.pdb,0.74,0.98497
rank_155_rank_5.pdb,0.75,0.98479
rank_156_rank_1.pdb,0.73,0.98531
rank_156_rank_2.pdb,0.75,0.98475
rank_156_rank_3.pdb,1.07,0.97131
rank_156_rank_4.pdb,0.78,0.98351
rank_156_rank_5.pdb,0.99,0.97433
rank_157_rank_1.pdb,0.89,0.97879
rank_157_rank_2.pdb,1.06,0.97010
rank_157_rank_3.pdb,1.14,0.96576
rank_157_rank_4.pdb,1.12,0.96686
rank_157_rank_5.pdb,0.97,0.97541
rank_158_rank_1.pdb,0.76,0.98439
rank_158_rank_2.pdb,0.82,0.98172
rank_158_rank_3.pdb,0.99,0.97407
rank_158_rank_4.pdb,1.05,0.97072
rank_158_rank_5.pdb,1.03,0.97215
rank_159_rank_1.pdb,0.71,0.98615
rank_159_rank_2.pdb,0.74,0.98494
rank_159_rank_3.pdb,0.99,0.97411
rank_159_rank_4.pdb,1.02,0.97213
rank_159_rank_5.pdb,0.91,0.97768
rank_15_rank_1.pdb,0.87,0.97952
rank_15_rank_2.pdb,0.93,0.97709
rank_15_rank_3.pdb,1.21,0.96230
rank_15_rank_4.pdb,1.10,0.96861
rank_15_rank_5.pdb,1.12,0.96738
rank_160_rank_1.pdb,0.64,0.98882
rank_160_rank_2.pdb,0.64,0.98861
rank_160_rank_3.pdb,0.94,0.97694
rank_160_rank_4.pdb,0.90,0.97852
rank_160_rank_5.pdb,0.94,0.97720
rank_161_rank_1.pdb,0.83,0.98164
rank_161_rank_2.pdb,0.64,0.98884
rank_161_rank_3.pdb,0.82,0.98200
rank_161_rank_4.pdb,0.78,0.98370
rank_161_rank_5.pdb,0.68,0.98739
rank_162_rank_1.pdb,0.81,0.98235
rank_162_rank_2.pdb,0.81,0.98222
rank_162_rank_3.pdb,1.06,0.97079
rank_162_rank_4.pdb,1.11,0.96876
rank_162_rank_5.pdb,0.97,0.97544
rank_163_rank_1.pdb,0.57,0.99091
rank_163_rank_2.pdb,0.56,0.99124
rank_163_rank_3.pdb,0.79,0.98315
rank_163_rank_4.pdb,0.68,0.98757
rank_163_rank_5.pdb,0.71,0.98642
rank_164_rank_1.pdb,0.60,0.99011
rank_164_rank_2.pdb,0.60,0.99007
rank_164_rank_3.pdb,0.83,0.98195
rank_164_rank_4.pdb,0.93,0.97816
rank_164_rank_5.pdb,0.71,0.98649
rank_165_rank_1.pdb,0.55,0.99162
rank_165_rank_2.pdb,0.63,0.98912
rank_165_rank_3.pdb,0.70,0.98683
rank_165_rank_4.pdb,0.68,0.98746
rank_165_rank_5.pdb,0.74,0.98522
rank_166_rank_1.pdb,0.72,0.98600
rank_166_rank_2.pdb,0.72,0.98593
rank_166_rank_3.pdb,0.85,0.98110
rank_166_rank_4.pdb,0.81,0.98253
rank_166_rank_5.pdb,0.80,0.98292
rank_167_rank_1.pdb,0.71,0.98613
rank_167_rank_2.pdb,0.72,0.98581
rank_167_rank_3.pdb,0.82,0.98204
rank_167_rank_4.pdb,0.82,0.98219
rank_167_rank_5.pdb,0.80,0.98304
rank_168_rank_1.pdb,0.72,0.98571
rank_168_rank_2.pdb,0.71,0.98609
rank_168_rank_3.pdb,1.03,0.97278
rank_168_rank_4.pdb,1.02,0.97236
rank_168_rank_5.pdb,1.07,0.97096
rank_169_rank_1.pdb,0.77,0.98386
rank_169_rank_2.pdb,0.78,0.98343
rank_169_rank_3.pdb,0.97,0.97485
rank_169_rank_4.pdb,0.99,0.97425
rank_169_rank_5.pdb,1.06,0.97031
rank_16_rank_1.pdb,0.88,0.97909
rank_16_rank_2.pdb,0.89,0.97870
rank_16_rank_3.pdb,1.14,0.96605
rank_16_rank_4.pdb,1.07,0.96991
rank_16_rank_5.pdb,1.08,0.96908
rank_170_rank_1.pdb,0.57,0.99115
rank_170_rank_2.pdb,0.54,0.99192
rank_170_rank_3.pdb,0.73,0.98536
rank_170_rank_4.pdb,0.70,0.98635
rank_170_rank_5.pdb,0.94,0.97822
rank_171_rank_1.pdb,0.83,0.98145
rank_171_rank_2.pdb,0.88,0.97902
rank_171_rank_3.pdb,1.13,0.96745
rank_171_rank_4.pdb,0.93,0.97749
rank_171_rank_5.pdb,1.08,0.96996
rank_172_rank_1.pdb,0.63,0.98925
rank_172_rank_2.pdb,0.62,0.98938
rank_172_rank_3.pdb,0.70,0.98670
rank_172_rank_4.pdb,0.69,0.98697
rank_172_rank_5.pdb,0.73,0.98579
rank_173_rank_1.pdb,0.89,0.97871
rank_173_rank_2.pdb,0.87,0.97944
rank_173_rank_3.pdb,1.16,0.96481
rank_173_rank_4.pdb,1.05,0.97090
rank_173_rank_5.pdb,1.10,0.96863
rank_174_rank_1.pdb,0.64,0.98886
rank_174_rank_2.pdb,0.78,0.98329
rank_174_rank_3.pdb,0.60,0.98996
rank_174_rank_4.pdb,0.82,0.98208
rank_174_rank_5.pdb,0.80,0.98256
rank_175_rank_1.pdb,0.58,0.99086
rank_175_rank_2.pdb,0.60,0.98998
rank_175_rank_3.pdb,0.93,0.97705
rank_175_rank_4.pdb,0.81,0.98256
rank_175_rank_5.pdb,0.81,0.98233
rank_176_rank_1.pdb,0.61,0.98982
rank_176_rank_2.pdb,0.77,0.98362
rank_176_rank_3.pdb,0.64,0.98901
rank_176_rank_4.pdb,0.64,0.98866
rank_176_rank_5.pdb,0.76,0.98411
rank_177_rank_1.pdb,0.52,0.99244
rank_177_rank_2.pdb,0.52,0.99253
rank_177_rank_3.pdb,0.76,0.98406
rank_177_rank_4.pdb,0.86,0.98008
rank_177_rank_5.pdb,0.81,0.98277
rank_178_rank_1.pdb,0.52,0.99262
rank_178_rank_2.pdb,0.57,0.99128
rank_178_rank_3.pdb,0.69,0.98732
rank_178_rank_4.pdb,0.68,0.98769
rank_178_rank_5.pdb,0.67,0.98781
rank_179_rank_1.pdb,0.48,0.99350
rank_179_rank_2.pdb,0.54,0.99189
rank_179_rank_3.pdb,0.52,0.99262
rank_179_rank_4.pdb,0.51,0.99274
rank_179_rank_5.pdb,0.63,0.98927
rank_17_rank_1.pdb,0.58,0.99061
rank_17_rank_2.pdb,0.61,0.98969
rank_17_rank_3.pdb,0.88,0.97969
rank_17_rank_4.pdb,0.97,0.97494
rank_17_rank_5.pdb,0.88,0.97952
rank_180_rank_1.pdb,0.70,0.98663
rank_180_rank_2.pdb,0.69,0.98707
rank_180_rank_3.pdb,0.99,0.97443
rank_180_rank_4.pdb,0.90,0.97853
rank_180_rank_5.pdb,0.75,0.98483
rank_181_rank_1.pdb,0.71,0.98617
rank_181_rank_2.pdb,0.73,0.98554
rank_181_rank_3.pdb,1.01,0.97334
rank_181_rank_4.pdb,0.85,0.98073
rank_181_rank_5.pdb,0.95,0.97630
rank_182_rank_1.pdb,0.63,0.98911
rank_182_rank_2.pdb,0.64,0.98892
rank_182_rank_3.pdb,1.01,0.97337
rank_182_rank_4.pdb,0.91,0.97835
rank_182_rank_5.pdb,0.85,0.98086
rank_183_rank_1.pdb,0.70,0.98646
rank_183_rank_2.pdb,0.68,0.98716
rank_183_rank_3.pdb,0.65,0.98843
rank_183_rank_4.pdb,0.79,0.98283
rank_183_rank_5.pdb,0.73,0.98585
rank_184_rank_1.pdb,0.69,0.98710
rank_184_rank_2.pdb,0.68,0.98747
rank_184_rank_3.pdb,0.64,0.98864
rank_184_rank_4.pdb,0.76,0.98434
rank_184_rank_5.pdb,0.84,0.98245
rank_185_rank_1.pdb,0.62,0.98935
rank_185_rank_2.pdb,0.62,0.98929
rank_185_rank_3.pdb,0.67,0.98759
rank_185_rank_4.pdb,0.69,0.98684
rank_185_rank_5.pdb,0.65,0.98834
rank_186_rank_1.pdb,0.85,0.98056
rank_186_rank_2.pdb,0.88,0.97945
rank_186_rank_3.pdb,1.22,0.96184
rank_186_rank_4.pdb,1.26,0.95964
rank_186_rank_5.pdb,1.21,0.96244
rank_187_rank_1.pdb,0.57,0.99091
rank_187_rank_2.pdb,0.57,0.99096
rank_187_rank_3.pdb,1.03,0.96554
rank_187_rank_4.pdb,0.72,0.98616
rank_187_rank_5.pdb,1.15,0.95947
rank_188_rank_1.pdb,0.86,0.97977
rank_188_rank_2.pdb,0.77,0.98397
rank_188_rank_3.pdb,0.74,0.98509
rank_188_rank_4.pdb,0.91,0.97804
rank_188_rank_5.pdb,0.92,0.97705
rank_189_rank_1.pdb,0.62,0.98938
rank_189_rank_2.pdb,0.61,0.98995
rank_189_rank_3.pdb,0.72,0.98616
rank_189_rank_4.pdb,1.37,0.94606
rank_189_rank_5.pdb,1.45,0.94167
rank_18_rank_1.pdb,0.56,0.99139
rank_18_rank_2.pdb,0.69,0.98735
rank_18_rank_3.pdb,0.52,0.99262
rank_18_rank_4.pdb,0.74,0.98537
rank_18_rank_5.pdb,0.68,0.98756
rank_190_rank_1.pdb,0.55,0.99169
rank_190_rank_2.pdb,0.55,0.99164
rank_190_rank_3.pdb,0.87,0.97997
rank_190_rank_4.pdb,0.78,0.98420
rank_190_rank_5.pdb,0.92,0.97801
rank_191_rank_1.pdb,0.62,0.98957
rank_191_rank_2.pdb,0.60,0.99000
rank_191_rank_3.pdb,0.63,0.98909
rank_191_rank_4.pdb,0.75,0.98516
rank_191_rank_5.pdb,0.72,0.98613
rank_192_rank_1.pdb,0.80,0.98260
rank_192_rank_2.pdb,0.87,0.97961
rank_192_rank_3.pdb,1.00,0.97353
rank_192_rank_4.pdb,1.12,0.96722
rank_192_rank_5.pdb,1.06,0.96975
rank_193_rank_1.pdb,0.41,0.99527
rank_193_rank_2.pdb,0.45,0.99439
rank_193_rank_3.pdb,0.55,0.99160
rank_193_rank_4.pdb,0.50,0.99296
rank_193_rank_5.pdb,0.52,0.99243
rank_194_rank_1.pdb,0.64,0.98866
rank_194_rank_2.pdb,0.59,0.99050
rank_194_rank_3.pdb,0.89,0.97880
rank_194_rank_4.pdb,0.76,0.98452
rank_194_rank_5.pdb,0.73,0.98585
rank_195_rank_1.pdb,0.89,0.97879
rank_195_rank_2.pdb,0.91,0.97809
rank_195_rank_3.pdb,1.20,0.96365
rank_195_rank_4.pdb,1.23,0.96197
rank_195_rank_5.pdb,1.14,0.96666
rank_196_rank_1.pdb,0.57,0.99107
rank_196_rank_2.pdb,0.57,0.99112
rank_196_rank_3.pdb,0.65,0.98855
rank_196_rank_4.pdb,0.74,0.98533
rank_196_rank_5.pdb,0.80,0.98293
rank_197_rank_1.pdb,0.75,0.98464
rank_197_rank_2.pdb,0.75,0.98483
rank_197_rank_3.pdb,0.96,0.97628
rank_197_rank_4.pdb,1.00,0.97377
rank_197_rank_5.pdb,1.02,0.97279
rank_198_rank_1.pdb,0.68,0.98730
rank_198_rank_2.pdb,0.71,0.98614
rank_198_rank_3.pdb,1.03,0.97283
rank_198_rank_4.pdb,0.99,0.97439
rank_198_rank_5.pdb,0.93,0.97751
rank_199_rank_1.pdb,0.52,0.99254
rank_199_rank_2.pdb,0.57,0.99112
rank_199_rank_3.pdb,0.67,0.98769
rank_199_rank_4.pdb,0.74,0.98501
rank_199_rank_5.pdb,0.80,0.98340
rank_19_rank_1.pdb,0.64,0.98867
rank_19_rank_2.pdb,0.64,0.98864
rank_19_rank_3.pdb,0.86,0.98012
rank_19_rank_4.pdb,1.04,0.97198
rank_19_rank_5.pdb,1.06,0.97078
rank_1_rank_1.pdb,0.78,0.98366
rank_1_rank_2.pdb,0.83,0.98138
rank_1_rank_3.pdb,1.10,0.96834
rank_1_rank_4.pdb,0.94,0.97670
rank_1_rank_5.pdb,0.92,0.97798
rank_200_rank_1.pdb,0.48,0.99347
rank_200_rank_2.pdb,0.52,0.99244
rank_200_rank_3.pdb,0.61,0.98993
rank_200_rank_4.pdb,0.69,0.98711
rank_200_rank_5.pdb,0.68,0.98744
rank_20_rank_1.pdb,0.75,0.98453
rank_20_rank_2.pdb,0.74,0.98507
rank_20_rank_3.pdb,1.08,0.97016
rank_20_rank_4.pdb,1.02,0.97290
rank_20_rank_5.pdb,0.95,0.97653
rank_21_rank_1.pdb,0.55,0.99160
rank_21_rank_2.pdb,0.58,0.99078
rank_21_rank_3.pdb,0.80,0.98243
rank_21_rank_4.pdb,0.70,0.98660
rank_21_rank_5.pdb,0.81,0.98236
rank_22_rank_1.pdb,0.85,0.98085
rank_22_rank_2.pdb,1.01,0.97354
rank_22_rank_3.pdb,0.70,0.98680
rank_22_rank_4.pdb,0.64,0.98876
rank_22_rank_5.pdb,0.95,0.97689
rank_23_rank_1.pdb,0.74,0.98515
rank_23_rank_2.pdb,0.93,0.97722
rank_23_rank_3.pdb,0.66,0.98817
rank_23_rank_4.pdb,0.86,0.98054
rank_23_rank_5.pdb,0.91,0.97820
rank_24_rank_1.pdb,0.57,0.99105
rank_24_rank_2.pdb,0.67,0.98785
rank_24_rank_3.pdb,0.58,0.99070
rank_24_rank_4.pdb,0.70,0.98666
rank_24_rank_5.pdb,0.72,0.98593
rank_25_rank_1.pdb,0.61,0.98976
rank_25_rank_2.pdb,0.58,0.99059
rank_25_rank_3.pdb,0.75,0.98461
rank_25_rank_4.pdb,0.80,0.98283
rank_25_rank_5.pdb,0.68,0.98763
rank_26_rank_1.pdb,0.67,0.98787
rank_26_rank_2.pdb,0.74,0.98539
rank_26_rank_3.pdb,1.07,0.97031
rank_26_rank_4.pdb,0.96,0.97586
rank_26_rank_5.pdb,1.07,0.97064
rank_27_rank_1.pdb,0.55,0.99152
rank_27_rank_2.pdb,0.59,0.99073
rank_27_rank_3.pdb,0.87,0.98035
rank_27_rank_4.pdb,0.72,0.98632
rank_27_rank_5.pdb,0.83,0.98254
rank_28_rank_1.pdb,0.71,0.98641
rank_28_rank_2.pdb,0.70,0.98682
rank_28_rank_3.pdb,0.80,0.98282
rank_28_rank_4.pdb,0.98,0.97471
rank_28_rank_5.pdb,0.87,0.97967
rank_29_rank_1.pdb,0.74,0.98481
rank_29_rank_2.pdb,0.79,0.98290
rank_29_rank_3.pdb,1.04,0.97087
rank_29_rank_4.pdb,1.03,0.97244
rank_29_rank_5.pdb,1.32,0.95562
rank_2_rank_1.pdb,0.65,0.98856
rank_2_rank_2.pdb,0.65,0.98859
rank_2_rank_3.pdb,1.01,0.97365
rank_2_rank_4.pdb,0.95,0.97685
rank_2_rank_5.pdb,0.91,0.97840
rank_30_rank_1.pdb,0.75,0.98454
rank_30_rank_2.pdb,0.91,0.97794
rank_30_rank_3.pdb,0.82,0.98182
rank_30_rank_4.pdb,0.86,0.97998
rank_30_rank_5.pdb,0.77,0.98371
rank_31_rank_1.pdb,0.71,0.98633
rank_31_rank_2.pdb,0.73,0.98561
rank_31_rank_3.pdb,1.18,0.96467
rank_31_rank_4.pdb,1.30,0.95031
rank_31_rank_5.pdb,1.24,0.95326
rank_32_rank_1.pdb,0.62,0.98965
rank_32_rank_2.pdb,0.60,0.98996
rank_32_rank_3.pdb,0.83,0.98150
rank_32_rank_4.pdb,0.89,0.97907
rank_32_rank_5.pdb,0.66,0.98807
rank_33_rank_1.pdb,0.86,0.98020
rank_33_rank_2.pdb,0.87,0.97975
rank_33_rank_3.pdb,1.01,0.97321
rank_33_rank_4.pdb,1.02,0.97247
rank_33_rank_5.pdb,1.10,0.96831
rank_34_rank_1.pdb,0.57,0.99099
rank_34_rank_2.pdb,0.52,0.99259
rank_34_rank_3.pdb,0.81,0.98244
rank_34_rank_4.pdb,0.76,0.98446
rank_34_rank_5.pdb,0.83,0.98140
rank_35_rank_1.pdb,0.69,0.98704
rank_35_rank_2.pdb,0.65,0.98847
rank_35_rank_3.pdb,0.77,0.98404
rank_35_rank_4.pdb,0.82,0.98182
rank_35_rank_5.pdb,1.38,0.95755
rank_36_rank_1.pdb,0.76,0.98446
rank_36_rank_2.pdb,0.80,0.98262
rank_36_rank_3.pdb,0.68,0.98728
rank_36_rank_4.pdb,0.83,0.98178
rank_36_rank_5.pdb,0.94,0.97664
rank_37_rank_1.pdb,0.61,0.98972
rank_37_rank_2.pdb,0.54,0.99186
rank_37_rank_3.pdb,0.62,0.98962
rank_37_rank_4.pdb,0.68,0.98756
rank_37_rank_5.pdb,0.70,0.98686
rank_38_rank_1.pdb,0.83,0.98139
rank_38_rank_2.pdb,0.84,0.98093
rank_38_rank_3.pdb,1.05,0.97119
rank_38_rank_4.pdb,0.95,0.97589
rank_38_rank_5.pdb,1.11,0.96793
rank_39_rank_1.pdb,0.71,0.98633
rank_39_rank_2.pdb,0.72,0.98600
rank_39_rank_3.pdb,0.91,0.97802
rank_39_rank_4.pdb,1.02,0.97270
rank_39_rank_5.pdb,0.97,0.97474
rank_3_rank_1.pdb,0.66,0.98788
rank_3_rank_2.pdb,0.74,0.98510
rank_3_rank_3.pdb,0.83,0.98164
rank_3_rank_4.pdb,0.86,0.98043
rank_3_rank_5.pdb,0.86,0.98021
rank_40_rank_1.pdb,0.59,0.99057
rank_40_rank_2.pdb,0.60,0.99000
rank_40_rank_3.pdb,0.86,0.97981
rank_40_rank_4.pdb,1.00,0.97354
rank_40_rank_5.pdb,0.81,0.98235
rank_41_rank_1.pdb,1.00,0.97346
rank_41_rank_2.pdb,1.02,0.97250
rank_41_rank_3.pdb,1.12,0.96722
rank_41_rank_4.pdb,1.11,0.96783
rank_41_rank_5.pdb,1.33,0.94830
rank_42_rank_1.pdb,0.64,0.98871
rank_42_rank_2.pdb,0.61,0.98964
rank_42_rank_3.pdb,0.70,0.98663
rank_42_rank_4.pdb,0.82,0.98159
rank_42_rank_5.pdb,0.74,0.98572
rank_43_rank_1.pdb,0.73,0.98555
rank_43_rank_2.pdb,0.57,0.99095
rank_43_rank_3.pdb,0.51,0.99290
rank_43_rank_4.pdb,0.72,0.98596
rank_43_rank_5.pdb,0.65,0.98834
rank_44_rank_1.pdb,0.63,0.98926
rank_44_rank_2.pdb,0.67,0.98774
rank_44_rank_3.pdb,0.91,0.97821
rank_44_rank_4.pdb,0.86,0.98023
rank_44_rank_5.pdb,0.84,0.98155
rank_45_rank_1.pdb,0.78,0.98347
rank_45_rank_2.pdb,0.71,0.98641
rank_45_rank_3.pdb,0.96,0.97535
rank_45_rank_4.pdb,0.97,0.97500
rank_45_rank_5.pdb,1.20,0.96359
rank_46_rank_1.pdb,0.64,0.98886
rank_46_rank_2.pdb,0.79,0.98301
rank_46_rank_3.pdb,0.92,0.97822
rank_46_rank_4.pdb,0.80,0.98317
rank_46_rank_5.pdb,0.86,0.98060
rank_47_rank_1.pdb,0.65,0.98849
rank_47_rank_2.pdb,0.66,0.98805
rank_47_rank_3.pdb,0.72,0.98597
rank_47_rank_4.pdb,0.80,0.98330
rank_47_rank_5.pdb,0.79,0.98371
rank_48_rank_1.pdb,0.66,0.98808
rank_48_rank_2.pdb,0.71,0.98628
rank_48_rank_3.pdb,0.83,0.98144
rank_48_rank_4.pdb,0.73,0.98537
rank_48_rank_5.pdb,0.86,0.97998
rank_49_rank_1.pdb,0.65,0.98832
rank_49_rank_2.pdb,0.72,0.98587
rank_49_rank_3.pdb,0.81,0.98226
rank_49_rank_4.pdb,0.82,0.98209
rank_49_rank_5.pdb,0.92,0.97747
rank_4_rank_1.pdb,0.77,0.98381
rank_4_rank_2.pdb,0.75,0.98455
rank_4_rank_3.pdb,0.83,0.98128
rank_4_rank_4.pdb,0.87,0.97982
rank_4_rank_5.pdb,0.91,0.97815
rank_50_rank_1.pdb,0.91,0.97748
rank_50_rank_2.pdb,0.96,0.97521
rank_50_rank_3.pdb,1.34,0.95437
rank_50_rank_4.pdb,1.47,0.94568
rank_50_rank_5.pdb,1.20,0.96260
rank_51_rank_1.pdb,0.89,0.97885
rank_51_rank_2.pdb,0.89,0.97883
rank_51_rank_3.pdb,1.08,0.96991
rank_51_rank_4.pdb,0.96,0.97679
rank_51_rank_5.pdb,1.01,0.97355
rank_52_rank_1.pdb,0.73,0.98574
rank_52_rank_2.pdb,0.70,0.98692
rank_52_rank_3.pdb,0.95,0.97725
rank_52_rank_4.pdb,0.88,0.97991
rank_52_rank_5.pdb,1.01,0.97359
rank_53_rank_1.pdb,0.62,0.98933
rank_53_rank_2.pdb,0.60,0.99016
rank_53_rank_3.pdb,0.80,0.98260
rank_53_rank_4.pdb,0.77,0.98401
rank_53_rank_5.pdb,0.71,0.98608
rank_54_rank_1.pdb,0.63,0.98926
rank_54_rank_2.pdb,0.64,0.98890
rank_54_rank_3.pdb,0.91,0.97793
rank_54_rank_4.pdb,0.86,0.98042
rank_54_rank_5.pdb,0.90,0.97883
rank_55_rank_1.pdb,0.52,0.99246
rank_55_rank_2.pdb,0.63,0.98905
rank_55_rank_3.pdb,0.73,0.98569
rank_55_rank_4.pdb,0.55,0.99166
rank_55_rank_5.pdb,0.61,0.98965
rank_56_rank_1.pdb,0.55,0.99176
rank_56_rank_2.pdb,0.61,0.98995
rank_56_rank_3.pdb,0.64,0.98909
rank_56_rank_4.pdb,0.64,0.98870
rank_56_rank_5.pdb,0.69,0.98704
rank_57_rank_1.pdb,0.75,0.98455
rank_57_rank_2.pdb,0.74,0.98504
rank_57_rank_3.pdb,0.94,0.97677
rank_57_rank_4.pdb,1.05,0.97107
rank_57_rank_5.pdb,0.78,0.98333
rank_58_rank_1.pdb,0.47,0.99391
rank_58_rank_2.pdb,0.50,0.99300
rank_58_rank_3.pdb,0.75,0.98530
rank_58_rank_4.pdb,0.74,0.98564
rank_58_rank_5.pdb,0.71,0.98657
rank_59_rank_1.pdb,0.52,0.99252
rank_59_rank_2.pdb,0.50,0.99294
rank_59_rank_3.pdb,0.72,0.98652
rank_59_rank_4.pdb,0.66,0.98853
rank_59_rank_5.pdb,0.74,0.98541
rank_5_rank_1.pdb,0.66,0.98799
rank_5_rank_2.pdb,0.75,0.98454
rank_5_rank_3.pdb,0.92,0.97701
rank_5_rank_4.pdb,1.13,0.96661
rank_5_rank_5.pdb,1.08,0.96956
rank_60_rank_1.pdb,0.63,0.98892
rank_60_rank_2.pdb,0.62,0.98938
rank_60_rank_3.pdb,0.75,0.98475
rank_60_rank_4.pdb,0.71,0.98623
rank_60_rank_5.pdb,0.91,0.97769
rank_61_rank_1.pdb,0.58,0.99070
rank_61_rank_2.pdb,0.63,0.98892
rank_61_rank_3.pdb,0.82,0.98234
rank_61_rank_4.pdb,0.72,0.98589
rank_61_rank_5.pdb,0.81,0.98259
rank_62_rank_1.pdb,0.56,0.99119
rank_62_rank_2.pdb,0.57,0.99092
rank_62_rank_3.pdb,0.86,0.98007
rank_62_rank_4.pdb,0.80,0.98293
rank_62_rank_5.pdb,0.88,0.97992
rank_63_rank_1.pdb,0.61,0.98985
rank_63_rank_2.pdb,0.67,0.98787
rank_63_rank_3.pdb,0.80,0.98319
rank_63_rank_4.pdb,0.67,0.98775
rank_63_rank_5.pdb,0.60,0.99005
rank_64_rank_1.pdb,0.64,0.98890
rank_64_rank_2.pdb,0.56,0.99125
rank_64_rank_3.pdb,1.03,0.97225
rank_64_rank_4.pdb,1.05,0.97120
rank_64_rank_5.pdb,0.95,0.97631
rank_65_rank_1.pdb,0.55,0.99166
rank_65_rank_2.pdb,0.72,0.98586
rank_65_rank_3.pdb,0.53,0.99233
rank_65_rank_4.pdb,1.23,0.95340
rank_65_rank_5.pdb,1.22,0.95507
rank_66_rank_1.pdb,0.85,0.98084
rank_66_rank_2.pdb,0.83,0.98155
rank_66_rank_3.pdb,1.01,0.97331
rank_66_rank_4.pdb,0.92,0.97763
rank_66_rank_5.pdb,0.93,0.97696
rank_67_rank_1.pdb,0.69,0.98712
rank_67_rank_2.pdb,0.65,0.98833
rank_67_rank_3.pdb,0.92,0.97785
rank_67_rank_4.pdb,0.81,0.98247
rank_67_rank_5.pdb,0.80,0.98273
rank_68_rank_1.pdb,1.08,0.96932
rank_68_rank_2.pdb,1.19,0.96339
rank_68_rank_3.pdb,1.17,0.96453
rank_68_rank_4.pdb,1.09,0.96951
rank_68_rank_5.pdb,1.16,0.96516
rank_69_rank_1.pdb,0.70,0.98654
rank_69_rank_2.pdb,0.65,0.98834
rank_69_rank_3.pdb,0.82,0.98191
rank_69_rank_4.pdb,0.80,0.98254
rank_69_rank_5.pdb,0.79,0.98305
rank_6_rank_1.pdb,0.74,0.98518
rank_6_rank_2.pdb,0.78,0.98358
rank_6_rank_3.pdb,1.12,0.96756
rank_6_rank_4.pdb,1.11,0.96838
rank_6_rank_5.pdb,0.94,0.97625
rank_70_rank_1.pdb,0.57,0.99092
rank_70_rank_2.pdb,0.50,0.99318
rank_70_rank_3.pdb,0.58,0.99064
rank_70_rank_4.pdb,0.74,0.98505
rank_70_rank_5.pdb,0.76,0.98425
rank_71_rank_1.pdb,0.51,0.99279
rank_71_rank_2.pdb,0.57,0.99112
rank_71_rank_3.pdb,0.76,0.98464
rank_71_rank_4.pdb,0.69,0.98725
rank_71_rank_5.pdb,0.65,0.98903
rank_72_rank_1.pdb,0.57,0.99092
rank_72_rank_2.pdb,0.60,0.99017
rank_72_rank_3.pdb,0.72,0.98599
rank_72_rank_4.pdb,0.76,0.98467
rank_72_rank_5.pdb,0.72,0.98624
rank_73_rank_1.pdb,0.67,0.98771
rank_73_rank_2.pdb,0.66,0.98810
rank_73_rank_3.pdb,0.75,0.98506
rank_73_rank_4.pdb,0.71,0.98631
rank_73_rank_5.pdb,0.85,0.98079
rank_74_rank_1.pdb,0.56,0.99131
rank_74_rank_2.pdb,0.54,0.99200
rank_74_rank_3.pdb,0.67,0.98789
rank_74_rank_4.pdb,0.71,0.98630
rank_74_rank_5.pdb,1.12,0.97529
rank_75_rank_1.pdb,0.78,0.98370
rank_75_rank_2.pdb,0.72,0.98596
rank_75_rank_3.pdb,0.76,0.98463
rank_75_rank_4.pdb,0.93,0.97692
rank_75_rank_5.pdb,0.86,0.98025
rank_76_rank_1.pdb,0.79,0.98295
rank_76_rank_2.pdb,0.75,0.98469
rank_76_rank_3.pdb,0.93,0.97671
rank_76_rank_4.pdb,0.99,0.97388
rank_76_rank_5.pdb,1.03,0.97220
rank_77_rank_1.pdb,0.79,0.98304
rank_77_rank_2.pdb,0.74,0.98491
rank_77_rank_3.pdb,1.02,0.97257
rank_77_rank_4.pdb,1.10,0.96845
rank_77_rank_5.pdb,1.03,0.97254
rank_78_rank_1.pdb,0.46,0.99429
rank_78_rank_2.pdb,0.45,0.99450
rank_78_rank_3.pdb,0.68,0.98766
rank_78_rank_4.pdb,0.67,0.98822
rank_78_rank_5.pdb,0.65,0.98871
rank_79_rank_1.pdb,0.97,0.97488
rank_79_rank_2.pdb,0.96,0.97518
rank_79_rank_3.pdb,1.08,0.96938
rank_79_rank_4.pdb,1.13,0.96677
rank_79_rank_5.pdb,1.23,0.96097
rank_7_rank_1.pdb,0.81,0.98213
rank_7_rank_2.pdb,0.78,0.98344
rank_7_rank_3.pdb,1.15,0.96627
rank_7_rank_4.pdb,0.93,0.97733
rank_7_rank_5.pdb,1.20,0.96328
rank_80_rank_1.pdb,0.77,0.98403
rank_80_rank_2.pdb,0.77,0.98411
rank_80_rank_3.pdb,1.07,0.97034
rank_80_rank_4.pdb,0.89,0.97872
rank_80_rank_5.pdb,1.00,0.97389
rank_81_rank_1.pdb,0.70,0.98658
rank_81_rank_2.pdb,0.62,0.98937
rank_81_rank_3.pdb,0.95,0.97652
rank_81_rank_4.pdb,0.92,0.97804
rank_81_rank_5.pdb,0.87,0.97988
rank_82_rank_1.pdb,0.70,0.98663
rank_82_rank_2.pdb,0.71,0.98619
rank_82_rank_3.pdb,0.53,0.99222
rank_82_rank_4.pdb,0.54,0.99204
rank_82_rank_5.pdb,0.75,0.98486
rank_83_rank_1.pdb,0.51,0.99274
rank_83_rank_2.pdb,0.51,0.99275
rank_83_rank_3.pdb,0.69,0.98690
rank_83_rank_4.pdb,0.70,0.98692
rank_83_rank_5.pdb,0.66,0.98789
rank_84_rank_1.pdb,0.50,0.99302
rank_84_rank_2.pdb,0.50,0.99296
rank_84_rank_3.pdb,0.60,0.99018
rank_84_rank_4.pdb,0.62,0.98940
rank_84_rank_5.pdb,0.56,0.99122
rank_85_rank_1.pdb,0.89,0.97873
rank_85_rank_2.pdb,0.90,0.97829
rank_85_rank_3.pdb,1.11,0.96784
rank_85_rank_4.pdb,1.20,0.96259
rank_85_rank_5.pdb,1.25,0.96031
rank_86_rank_1.pdb,0.61,0.98961
rank_86_rank_2.pdb,0.59,0.99046
rank_86_rank_3.pdb,0.73,0.98542
rank_86_rank_4.pdb,0.81,0.98210
rank_86_rank_5.pdb,0.79,0.98311
rank_87_rank_1.pdb,0.90,0.97818
rank_87_rank_2.pdb,0.96,0.97541
rank_87_rank_3.pdb,1.48,0.94566
rank_87_rank_4.pdb,1.47,0.94637
rank_87_rank_5.pdb,1.29,0.95686
rank_88_rank_1.pdb,0.83,0.98148
rank_88_rank_2.pdb,0.64,0.98872
rank_88_rank_3.pdb,0.76,0.98450
rank_88_rank_4.pdb,0.80,0.98275
rank_88_rank_5.pdb,0.74,0.98526
rank_89_rank_1.pdb,0.93,0.97686
rank_89_rank_2.pdb,0.85,0.98048
rank_89_rank_3.pdb,1.14,0.96697
rank_89_rank_4.pdb,1.22,0.96140
rank_89_rank_5.pdb,1.14,0.96697
rank_8_rank_1.pdb,0.70,0.98665
rank_8_rank_2.pdb,0.75,0.98487
rank_8_rank_3.pdb,1.00,0.97345
rank_8_rank_4.pdb,0.99,0.97407
rank_8_rank_5.pdb,1.17,0.96521
rank_90_rank_1.pdb,0.64,0.98886
rank_90_rank_2.pdb,0.62,0.98958
rank_90_rank_3.pdb,0.81,0.98241
rank_90_rank_4.pdb,0.70,0.98684
rank_90_rank_5.pdb,0.75,0.98489
rank_91_rank_1.pdb,0.67,0.98772
rank_91_rank_2.pdb,0.66,0.98801
rank_91_rank_3.pdb,0.83,0.98127
rank_91_rank_4.pdb,0.82,0.98187
rank_91_rank_5.pdb,0.78,0.98369
rank_92_rank_1.pdb,0.54,0.99187
rank_92_rank_2.pdb,0.73,0.98535
rank_92_rank_3.pdb,0.51,0.99285
rank_92_rank_4.pdb,0.63,0.98894
rank_92_rank_5.pdb,0.63,0.98894
rank_93_rank_1.pdb,0.60,0.99020
rank_93_rank_2.pdb,0.52,0.99262
rank_93_rank_3.pdb,0.68,0.98730
rank_93_rank_4.pdb,0.59,0.99038
rank_93_rank_5.pdb,0.78,0.98435
rank_94_rank_1.pdb,0.48,0.99353
rank_94_rank_2.pdb,0.45,0.99441
rank_94_rank_3.pdb,0.62,0.98980
rank_94_rank_4.pdb,0.52,0.99251
rank_94_rank_5.pdb,0.60,0.99030
rank_95_rank_1.pdb,0.50,0.99310
rank_95_rank_2.pdb,0.54,0.99196
rank_95_rank_3.pdb,0.57,0.99118
rank_95_rank_4.pdb,0.63,0.98983
rank_95_rank_5.pdb,0.64,0.98944
rank_96_rank_1.pdb,0.75,0.98486
rank_96_rank_2.pdb,0.71,0.98605
rank_96_rank_3.pdb,1.01,0.97312
rank_96_rank_4.pdb,0.96,0.97537
rank_96_rank_5.pdb,0.89,0.97912
rank_97_rank_1.pdb,0.40,0.99544
rank_97_rank_2.pdb,0.44,0.99470
rank_97_rank_3.pdb,0.52,0.99238
rank_97_rank_4.pdb,0.49,0.99323
rank_97_rank_5.pdb,0.58,0.99121
rank_98_rank_1.pdb,0.65,0.98855
rank_98_rank_2.pdb,0.83,0.98135
rank_98_rank_3.pdb,0.63,0.98928
rank_98_rank_4.pdb,0.83,0.98182
rank_98_rank_5.pdb,0.78,0.98384
rank_99_rank_1.pdb,0.80,0.98272
rank_99_rank_2.pdb,0.69,0.98690
rank_99_rank_3.pdb,0.78,0.98323
rank_99_rank_4.pdb,0.75,0.98495
rank_99_rank_5.pdb,0.69,0.98718
rank_9_rank_1.pdb,0.47,0.99390
rank_9_rank_2.pdb,0.51,0.99283
rank_9_rank_3.pdb,0.67,0.98782
rank_9_rank_4.pdb,0.70,0.98707
rank_9_rank_5.pdb,0.73,0.98560
